from_stop_id,to_stop_id,peak_fare,low_fare,senior_fare
11980,11984,4,4,4
11980,11993,4,4,4
11980,12461,4,4,4
12002,11984,4,4,4
12002,11993,4,4,4
12002,12461,4,4,4
11980,11979,4,4,4
11980,12003,4,4,4
12002,11979,4,4,4
12002,12003,4,4,4
11980,11521,6,6,6
11980,11543,6,6,6
11980,11977,6,6,6
11980,12005,6,6,6
11980,ABRDN,6,6,6
12002,11521,6,6,6
12002,11543,6,6,6
12002,11977,6,6,6
12002,12005,6,6,6
12002,ABRDN,6,6,6
11980,11958,7,7,7
12002,11958,7,7,7
11980,11986,5,5,5
11980,11991,5,5,5
12002,11986,5,5,5
12002,11991,5,5,5
11980,11985,5,5,5
11980,11992,5,5,5
12002,11985,5,5,5
12002,11992,5,5,5
11980,11976,7,7,7
12002,11976,7,7,7
11980,11988,6,6,6
11980,11989,6,6,6
12002,11988,6,6,6
12002,11989,6,6,6
11980,11987,6,6,6
11980,11990,6,6,6
12002,11987,6,6,6
12002,11990,6,6,6
11980,11981,4,4,4
11980,11995,4,4,4
12002,11981,4,4,4
12002,11995,4,4,4
11980,11982,4,4,4
11980,11994,4,4,4
12002,11982,4,4,4
12002,11994,4,4,4
11980,11978,5,5,5
11980,12004,5,5,5
12002,11978,5,5,5
12002,12004,5,5,5
11521,11984,7,7,7
11521,11993,7,7,7
11521,12461,7,7,7
11543,11984,7,7,7
11543,11993,7,7,7
11543,12461,7,7,7
11977,11984,7,7,7
11977,11993,7,7,7
11977,12461,7,7,7
12005,11984,7,7,7
12005,11993,7,7,7
12005,12461,7,7,7
ABRDN,11984,7,7,7
ABRDN,11993,7,7,7
ABRDN,12461,7,7,7
11521,11979,5,5,5
11521,12003,5,5,5
11543,11979,5,5,5
11543,12003,5,5,5
11977,11979,5,5,5
11977,12003,5,5,5
12005,11979,5,5,5
12005,12003,5,5,5
ABRDN,11979,5,5,5
ABRDN,12003,5,5,5
11521,11958,10,10,10
11543,11958,10,10,10
11977,11958,10,10,10
12005,11958,10,10,10
ABRDN,11958,10,10,10
11521,11986,8,8,8
11521,11991,8,8,8
11543,11986,8,8,8
11543,11991,8,8,8
11977,11986,8,8,8
11977,11991,8,8,8
12005,11986,8,8,8
12005,11991,8,8,8
ABRDN,11986,8,8,8
ABRDN,11991,8,8,8
11521,11980,6,6,6
11521,12002,6,6,6
11543,11980,6,6,6
11543,12002,6,6,6
11977,11980,6,6,6
11977,12002,6,6,6
12005,11980,6,6,6
12005,12002,6,6,6
ABRDN,11980,6,6,6
ABRDN,12002,6,6,6
11521,11985,8,8,8
11521,11992,8,8,8
11543,11985,8,8,8
11543,11992,8,8,8
11977,11985,8,8,8
11977,11992,8,8,8
12005,11985,8,8,8
12005,11992,8,8,8
ABRDN,11985,8,8,8
ABRDN,11992,8,8,8
11521,11976,4,4,4
11543,11976,4,4,4
11977,11976,4,4,4
12005,11976,4,4,4
ABRDN,11976,4,4,4
11521,11988,9,9,9
11521,11989,9,9,9
11543,11988,9,9,9
11543,11989,9,9,9
11977,11988,9,9,9
11977,11989,9,9,9
12005,11988,9,9,9
12005,11989,9,9,9
ABRDN,11988,9,9,9
ABRDN,11989,9,9,9
11521,11987,9,9,9
11521,11990,9,9,9
11543,11987,9,9,9
11543,11990,9,9,9
11977,11987,9,9,9
11977,11990,9,9,9
12005,11987,9,9,9
12005,11990,9,9,9
ABRDN,11987,9,9,9
ABRDN,11990,9,9,9
11521,11981,6,6,6
11521,11995,6,6,6
11543,11981,6,6,6
11543,11995,6,6,6
11977,11981,6,6,6
11977,11995,6,6,6
12005,11981,6,6,6
12005,11995,6,6,6
ABRDN,11981,6,6,6
ABRDN,11995,6,6,6
11521,11982,7,7,7
11521,11994,7,7,7
11543,11982,7,7,7
11543,11994,7,7,7
11977,11982,7,7,7
11977,11994,7,7,7
12005,11982,7,7,7
12005,11994,7,7,7
ABRDN,11982,7,7,7
ABRDN,11994,7,7,7
11521,11978,4,4,4
11521,12004,4,4,4
11543,11978,4,4,4
11543,12004,4,4,4
11977,11978,4,4,4
11977,12004,4,4,4
12005,11978,4,4,4
12005,12004,4,4,4
ABRDN,11978,4,4,4
ABRDN,12004,4,4,4
11986,11984,4,4,4
11986,11993,4,4,4
11986,12461,4,4,4
11991,11984,4,4,4
11991,11993,4,4,4
11991,12461,4,4,4
11986,11979,6,6,6
11986,12003,6,6,6
11991,11979,6,6,6
11991,12003,6,6,6
11986,11521,8,8,8
11986,11543,8,8,8
11986,11977,8,8,8
11986,12005,8,8,8
11986,ABRDN,8,8,8
11991,11521,8,8,8
11991,11543,8,8,8
11991,11977,8,8,8
11991,12005,8,8,8
11991,ABRDN,8,8,8
11986,11958,5,5,5
11991,11958,5,5,5
11986,11980,5,5,5
11986,12002,5,5,5
11991,11980,5,5,5
11991,12002,5,5,5
11986,11985,4,4,4
11986,11992,4,4,4
11991,11985,4,4,4
11991,11992,4,4,4
11986,11976,9,9,9
11991,11976,9,9,9
11986,11988,4,4,4
11986,11989,4,4,4
11991,11988,4,4,4
11991,11989,4,4,4
11986,11987,4,4,4
11986,11990,4,4,4
11991,11987,4,4,4
11991,11990,4,4,4
11986,11981,5,5,5
11986,11995,5,5,5
11991,11981,5,5,5
11991,11995,5,5,5
11986,11982,4,4,4
11986,11994,4,4,4
11991,11982,4,4,4
11991,11994,4,4,4
11986,11978,7,7,7
11986,12004,7,7,7
11991,11978,7,7,7
11991,12004,7,7,7
11984,11979,5,5,5
11984,12003,5,5,5
11993,11979,5,5,5
11993,12003,5,5,5
12461,11979,5,5,5
12461,12003,5,5,5
11984,11521,7,7,7
11984,11543,7,7,7
11984,11977,7,7,7
11984,12005,7,7,7
11984,ABRDN,7,7,7
11993,11521,7,7,7
11993,11543,7,7,7
11993,11977,7,7,7
11993,12005,7,7,7
11993,ABRDN,7,7,7
12461,11521,7,7,7
12461,11543,7,7,7
12461,11977,7,7,7
12461,12005,7,7,7
12461,ABRDN,7,7,7
11984,11958,6,6,6
11993,11958,6,6,6
12461,11958,6,6,6
11984,11986,4,4,4
11984,11991,4,4,4
11993,11986,4,4,4
11993,11991,4,4,4
12461,11986,4,4,4
12461,11991,4,4,4
11984,11980,4,4,4
11984,12002,4,4,4
11993,11980,4,4,4
11993,12002,4,4,4
12461,11980,4,4,4
12461,12002,4,4,4
11984,11985,4,4,4
11984,11992,4,4,4
11993,11985,4,4,4
11993,11992,4,4,4
12461,11985,4,4,4
12461,11992,4,4,4
11984,11976,8,8,8
11993,11976,8,8,8
12461,11976,8,8,8
11984,11988,5,5,5
11984,11989,5,5,5
11993,11988,5,5,5
11993,11989,5,5,5
12461,11988,5,5,5
12461,11989,5,5,5
11984,11987,5,5,5
11984,11990,5,5,5
11993,11987,5,5,5
11993,11990,5,5,5
12461,11987,5,5,5
12461,11990,5,5,5
11984,11981,4,4,4
11984,11995,4,4,4
11993,11981,4,4,4
11993,11995,4,4,4
12461,11981,4,4,4
12461,11995,4,4,4
11984,11982,4,4,4
11984,11994,4,4,4
11993,11982,4,4,4
11993,11994,4,4,4
12461,11982,4,4,4
12461,11994,4,4,4
11984,11978,6,6,6
11984,12004,6,6,6
11993,11978,6,6,6
11993,12004,6,6,6
12461,11978,6,6,6
12461,12004,6,6,6
11978,11984,6,6,6
11978,11993,6,6,6
11978,12461,6,6,6
12004,11984,6,6,6
12004,11993,6,6,6
12004,12461,6,6,6
11978,11979,4,4,4
11978,12003,4,4,4
12004,11979,4,4,4
12004,12003,4,4,4
11978,11521,4,4,4
11978,11543,4,4,4
11978,11977,4,4,4
11978,12005,4,4,4
11978,ABRDN,4,4,4
12004,11521,4,4,4
12004,11543,4,4,4
12004,11977,4,4,4
12004,12005,4,4,4
12004,ABRDN,4,4,4
11978,11958,9,9,9
12004,11958,9,9,9
11978,11986,7,7,7
11978,11991,7,7,7
12004,11986,7,7,7
12004,11991,7,7,7
11978,11980,5,5,5
11978,12002,5,5,5
12004,11980,5,5,5
12004,12002,5,5,5
11978,11985,7,7,7
11978,11992,7,7,7
12004,11985,7,7,7
12004,11992,7,7,7
11978,11976,5,5,5
12004,11976,5,5,5
11978,11988,8,8,8
11978,11989,8,8,8
12004,11988,8,8,8
12004,11989,8,8,8
11978,11987,8,8,8
11978,11990,8,8,8
12004,11987,8,8,8
12004,11990,8,8,8
11978,11981,5,5,5
11978,11995,5,5,5
12004,11981,5,5,5
12004,11995,5,5,5
11978,11982,6,6,6
11978,11994,6,6,6
12004,11982,6,6,6
12004,11994,6,6,6
11982,11984,4,4,4
11982,11993,4,4,4
11982,12461,4,4,4
11994,11984,4,4,4
11994,11993,4,4,4
11994,12461,4,4,4
11982,11979,5,5,5
11982,12003,5,5,5
11994,11979,5,5,5
11994,12003,5,5,5
11982,11521,7,7,7
11982,11543,7,7,7
11982,11977,7,7,7
11982,12005,7,7,7
11982,ABRDN,7,7,7
11994,11521,7,7,7
11994,11543,7,7,7
11994,11977,7,7,7
11994,12005,7,7,7
11994,ABRDN,7,7,7
11982,11958,6,6,6
11994,11958,6,6,6
11982,11986,4,4,4
11982,11991,4,4,4
11994,11986,4,4,4
11994,11991,4,4,4
11982,11980,4,4,4
11982,12002,4,4,4
11994,11980,4,4,4
11994,12002,4,4,4
11982,11985,4,4,4
11982,11992,4,4,4
11994,11985,4,4,4
11994,11992,4,4,4
11982,11976,8,8,8
11994,11976,8,8,8
11982,11988,5,5,5
11982,11989,5,5,5
11994,11988,5,5,5
11994,11989,5,5,5
11982,11987,5,5,5
11982,11990,5,5,5
11994,11987,5,5,5
11994,11990,5,5,5
11982,11981,4,4,4
11982,11995,4,4,4
11994,11981,4,4,4
11994,11995,4,4,4
11982,11978,6,6,6
11982,12004,6,6,6
11994,11978,6,6,6
11994,12004,6,6,6
11979,11984,5,5,5
11979,11993,5,5,5
11979,12461,5,5,5
12003,11984,5,5,5
12003,11993,5,5,5
12003,12461,5,5,5
11979,11521,5,5,5
11979,11543,5,5,5
11979,11977,5,5,5
11979,12005,5,5,5
11979,ABRDN,5,5,5
12003,11521,5,5,5
12003,11543,5,5,5
12003,11977,5,5,5
12003,12005,5,5,5
12003,ABRDN,5,5,5
11979,11958,8,8,8
12003,11958,8,8,8
11979,11986,6,6,6
11979,11991,6,6,6
12003,11986,6,6,6
12003,11991,6,6,6
11979,11980,4,4,4
11979,12002,4,4,4
12003,11980,4,4,4
12003,12002,4,4,4
11979,11985,6,6,6
11979,11992,6,6,6
12003,11985,6,6,6
12003,11992,6,6,6
11979,11976,6,6,6
12003,11976,6,6,6
11979,11988,7,7,7
11979,11989,7,7,7
12003,11988,7,7,7
12003,11989,7,7,7
11979,11987,7,7,7
11979,11990,7,7,7
12003,11987,7,7,7
12003,11990,7,7,7
11979,11981,4,4,4
11979,11995,4,4,4
12003,11981,4,4,4
12003,11995,4,4,4
11979,11982,5,5,5
11979,11994,5,5,5
12003,11982,5,5,5
12003,11994,5,5,5
11979,11978,4,4,4
11979,12004,4,4,4
12003,11978,4,4,4
12003,12004,4,4,4
11988,11984,5,5,5
11988,11993,5,5,5
11988,12461,5,5,5
11989,11984,5,5,5
11989,11993,5,5,5
11989,12461,5,5,5
11988,11979,7,7,7
11988,12003,7,7,7
11989,11979,7,7,7
11989,12003,7,7,7
11988,11521,9,9,9
11988,11543,9,9,9
11988,11977,9,9,9
11988,12005,9,9,9
11988,ABRDN,9,9,9
11989,11521,9,9,9
11989,11543,9,9,9
11989,11977,9,9,9
11989,12005,9,9,9
11989,ABRDN,9,9,9
11988,11958,4,4,4
11989,11958,4,4,4
11988,11986,4,4,4
11988,11991,4,4,4
11989,11986,4,4,4
11989,11991,4,4,4
11988,11980,6,6,6
11988,12002,6,6,6
11989,11980,6,6,6
11989,12002,6,6,6
11988,11985,4,4,4
11988,11992,4,4,4
11989,11985,4,4,4
11989,11992,4,4,4
11988,11976,10,10,10
11989,11976,10,10,10
11988,11987,4,4,4
11988,11990,4,4,4
11989,11987,4,4,4
11989,11990,4,4,4
11988,11981,6,6,6
11988,11995,6,6,6
11989,11981,6,6,6
11989,11995,6,6,6
11988,11982,5,5,5
11988,11994,5,5,5
11989,11982,5,5,5
11989,11994,5,5,5
11988,11978,8,8,8
11988,12004,8,8,8
11989,11978,8,8,8
11989,12004,8,8,8
11985,11984,4,4,4
11985,11993,4,4,4
11985,12461,4,4,4
11992,11984,4,4,4
11992,11993,4,4,4
11992,12461,4,4,4
11985,11979,6,6,6
11985,12003,6,6,6
11992,11979,6,6,6
11992,12003,6,6,6
11985,11521,8,8,8
11985,11543,8,8,8
11985,11977,8,8,8
11985,12005,8,8,8
11985,ABRDN,8,8,8
11992,11521,8,8,8
11992,11543,8,8,8
11992,11977,8,8,8
11992,12005,8,8,8
11992,ABRDN,8,8,8
11985,11958,5,5,5
11992,11958,5,5,5
11985,11986,4,4,4
11985,11991,4,4,4
11992,11986,4,4,4
11992,11991,4,4,4
11985,11980,5,5,5
11985,12002,5,5,5
11992,11980,5,5,5
11992,12002,5,5,5
11985,11976,9,9,9
11992,11976,9,9,9
11985,11988,4,4,4
11985,11989,4,4,4
11992,11988,4,4,4
11992,11989,4,4,4
11985,11987,4,4,4
11985,11990,4,4,4
11992,11987,4,4,4
11992,11990,4,4,4
11985,11981,5,5,5
11985,11995,5,5,5
11992,11981,5,5,5
11992,11995,5,5,5
11985,11982,4,4,4
11985,11994,4,4,4
11992,11982,4,4,4
11992,11994,4,4,4
11985,11978,7,7,7
11985,12004,7,7,7
11992,11978,7,7,7
11992,12004,7,7,7
11976,11984,8,8,8
11976,11993,8,8,8
11976,12461,8,8,8
11976,11979,6,6,6
11976,12003,6,6,6
11976,11521,4,4,4
11976,11543,4,4,4
11976,11977,4,4,4
11976,12005,4,4,4
11976,ABRDN,4,4,4
11976,11958,11,11,11
11976,11986,9,9,9
11976,11991,9,9,9
11976,11980,7,7,7
11976,12002,7,7,7
11976,11985,9,9,9
11976,11992,9,9,9
11976,11988,10,10,10
11976,11989,10,10,10
11976,11987,10,10,10
11976,11990,10,10,10
11976,11981,7,7,7
11976,11995,7,7,7
11976,11982,8,8,8
11976,11994,8,8,8
11976,11978,5,5,5
11976,12004,5,5,5
11987,11984,5,5,5
11987,11993,5,5,5
11987,12461,5,5,5
11990,11984,5,5,5
11990,11993,5,5,5
11990,12461,5,5,5
11987,11979,7,7,7
11987,12003,7,7,7
11990,11979,7,7,7
11990,12003,7,7,7
11987,11521,9,9,9
11987,11543,9,9,9
11987,11977,9,9,9
11987,12005,9,9,9
11987,ABRDN,9,9,9
11990,11521,9,9,9
11990,11543,9,9,9
11990,11977,9,9,9
11990,12005,9,9,9
11990,ABRDN,9,9,9
11987,11958,4,4,4
11990,11958,4,4,4
11987,11986,4,4,4
11987,11991,4,4,4
11990,11986,4,4,4
11990,11991,4,4,4
11987,11980,6,6,6
11987,12002,6,6,6
11990,11980,6,6,6
11990,12002,6,6,6
11987,11985,4,4,4
11987,11992,4,4,4
11990,11985,4,4,4
11990,11992,4,4,4
11987,11976,10,10,10
11990,11976,10,10,10
11987,11988,4,4,4
11987,11989,4,4,4
11990,11988,4,4,4
11990,11989,4,4,4
11987,11981,6,6,6
11987,11995,6,6,6
11990,11981,6,6,6
11990,11995,6,6,6
11987,11982,5,5,5
11987,11994,5,5,5
11990,11982,5,5,5
11990,11994,5,5,5
11987,11978,8,8,8
11987,12004,8,8,8
11990,11978,8,8,8
11990,12004,8,8,8
11958,11984,6,6,6
11958,11993,6,6,6
11958,12461,6,6,6
11958,11979,8,8,8
11958,12003,8,8,8
11958,11521,10,10,10
11958,11543,10,10,10
11958,11977,10,10,10
11958,12005,10,10,10
11958,ABRDN,10,10,10
11958,11986,5,5,5
11958,11991,5,5,5
11958,11980,7,7,7
11958,12002,7,7,7
11958,11985,5,5,5
11958,11992,5,5,5
11958,11976,11,11,11
11958,11988,4,4,4
11958,11989,4,4,4
11958,11987,4,4,4
11958,11990,4,4,4
11958,11981,7,7,7
11958,11995,7,7,7
11958,11982,6,6,6
11958,11994,6,6,6
11958,11978,9,9,9
11958,12004,9,9,9
11981,11984,4,4,4
11981,11993,4,4,4
11981,12461,4,4,4
11995,11984,4,4,4
11995,11993,4,4,4
11995,12461,4,4,4
11981,11979,4,4,4
11981,12003,4,4,4
11995,11979,4,4,4
11995,12003,4,4,4
11981,11521,6,6,6
11981,11543,6,6,6
11981,11977,6,6,6
11981,12005,6,6,6
11981,ABRDN,6,6,6
11995,11521,6,6,6
11995,11543,6,6,6
11995,11977,6,6,6
11995,12005,6,6,6
11995,ABRDN,6,6,6
11981,11958,7,7,7
11995,11958,7,7,7
11981,11986,5,5,5
11981,11991,5,5,5
11995,11986,5,5,5
11995,11991,5,5,5
11981,11980,4,4,4
11981,12002,4,4,4
11995,11980,4,4,4
11995,12002,4,4,4
11981,11985,5,5,5
11981,11992,5,5,5
11995,11985,5,5,5
11995,11992,5,5,5
11981,11976,7,7,7
11995,11976,7,7,7
11981,11988,6,6,6
11981,11989,6,6,6
11995,11988,6,6,6
11995,11989,6,6,6
11981,11987,6,6,6
11981,11990,6,6,6
11995,11987,6,6,6
11995,11990,6,6,6
11981,11982,4,4,4
11981,11994,4,4,4
11995,11982,4,4,4
11995,11994,4,4,4
11981,11978,5,5,5
11981,12004,5,5,5
11995,11978,5,5,5
11995,12004,5,5,5
12006,12008,4,4,4
12006,12025,4,4,4
12006,11913,11,11,11
12006,11945,11,11,11
12006,11971,11,11,11
12006,12010,5,5,5
12006,12023,5,5,5
12006,12875,5,5,5
12006,11958,7,7,7
12006,12016,6,6,6
12006,12017,6,6,6
12006,12009,5,5,5
12006,12024,5,5,5
12006,11957,8,8,8
12006,11959,8,8,8
12006,11956,8,8,8
12006,11960,8,8,8
12006,11954,9,9,9
12006,11962,9,9,9
12006,12015,6,6,6
12006,12018,6,6,6
12006,11942,13,13,13
12006,11974,13,13,13
12006,12011,5,5,5
12006,12012,5,5,5
12006,12021,5,5,5
12006,11947,10,10,10
12006,11969,10,10,10
12006,11949,10,10,10
12006,11967,10,10,10
12006,11955,8,8,8
12006,11961,8,8,8
12006,11946,11,11,11
12006,11970,11,11,11
12006,11953,9,9,9
12006,11963,9,9,9
12006,12007,4,4,4
12006,12026,4,4,4
12006,11944,11,11,11
12006,11972,11,11,11
12006,FRDRK_TRAN_CTR,11,11,11
12006,12014,6,6,6
12006,12019,6,6,6
12006,11940,14,14,14
12006,11952,9,9,9
12006,11964,9,9,9
12006,11943,12,12,12
12006,11973,12,12,12
12006,11948,10,10,10
12006,11968,10,10,10
12006,11950,9,9,9
12006,11966,9,9,9
12006,12013,5,5,5
12006,12020,5,5,5
12006,11941,13,13,13
12006,11975,13,13,13
12006,11951,9,9,9
12006,11965,9,9,9
11948,12008,9,9,9
11948,12025,9,9,9
11968,12008,9,9,9
11968,12025,9,9,9
11948,11913,4,4,4
11948,11945,4,4,4
11948,11971,4,4,4
11968,11913,4,4,4
11968,11945,4,4,4
11968,11971,4,4,4
11948,12010,8,8,8
11948,12023,8,8,8
11948,12875,8,8,8
11968,12010,8,8,8
11968,12023,8,8,8
11968,12875,8,8,8
11948,11958,6,6,6
11968,11958,6,6,6
11948,12016,7,7,7
11948,12017,7,7,7
11968,12016,7,7,7
11968,12017,7,7,7
11948,12009,8,8,8
11948,12024,8,8,8
11968,12009,8,8,8
11968,12024,8,8,8
11948,11957,5,5,5
11948,11959,5,5,5
11968,11957,5,5,5
11968,11959,5,5,5
11948,11956,5,5,5
11948,11960,5,5,5
11968,11956,5,5,5
11968,11960,5,5,5
11948,11954,4,4,4
11948,11962,4,4,4
11968,11954,4,4,4
11968,11962,4,4,4
11948,12015,7,7,7
11948,12018,7,7,7
11968,12015,7,7,7
11968,12018,7,7,7
11948,11942,6,6,6
11948,11974,6,6,6
11968,11942,6,6,6
11968,11974,6,6,6
11948,12011,8,8,8
11948,12012,8,8,8
11948,12021,8,8,8
11968,12011,8,8,8
11968,12012,8,8,8
11968,12021,8,8,8
11948,11947,4,4,4
11948,11969,4,4,4
11968,11947,4,4,4
11968,11969,4,4,4
11948,11949,4,4,4
11948,11967,4,4,4
11968,11949,4,4,4
11968,11967,4,4,4
11948,11955,5,5,5
11948,11961,5,5,5
11968,11955,5,5,5
11968,11961,5,5,5
11948,11946,4,4,4
11948,11970,4,4,4
11968,11946,4,4,4
11968,11970,4,4,4
11948,11953,4,4,4
11948,11963,4,4,4
11968,11953,4,4,4
11968,11963,4,4,4
11948,12007,9,9,9
11948,12026,9,9,9
11968,12007,9,9,9
11968,12026,9,9,9
11948,11944,4,4,4
11948,11972,4,4,4
11948,FRDRK_TRAN_CTR,4,4,4
11968,11944,4,4,4
11968,11972,4,4,4
11968,FRDRK_TRAN_CTR,4,4,4
11948,12014,7,7,7
11948,12019,7,7,7
11968,12014,7,7,7
11968,12019,7,7,7
11948,11940,7,7,7
11968,11940,7,7,7
11948,11952,4,4,4
11948,11964,4,4,4
11968,11952,4,4,4
11968,11964,4,4,4
11948,11943,5,5,5
11948,11973,5,5,5
11968,11943,5,5,5
11968,11973,5,5,5
11948,12006,10,10,10
11968,12006,10,10,10
11948,11950,4,4,4
11948,11966,4,4,4
11968,11950,4,4,4
11968,11966,4,4,4
11948,12013,8,8,8
11948,12020,8,8,8
11968,12013,8,8,8
11968,12020,8,8,8
11948,11941,6,6,6
11948,11975,6,6,6
11968,11941,6,6,6
11968,11975,6,6,6
11948,11951,4,4,4
11948,11965,4,4,4
11968,11951,4,4,4
11968,11965,4,4,4
11949,12008,9,9,9
11949,12025,9,9,9
11967,12008,9,9,9
11967,12025,9,9,9
11949,11913,4,4,4
11949,11945,4,4,4
11949,11971,4,4,4
11967,11913,4,4,4
11967,11945,4,4,4
11967,11971,4,4,4
11949,12010,8,8,8
11949,12023,8,8,8
11949,12875,8,8,8
11967,12010,8,8,8
11967,12023,8,8,8
11967,12875,8,8,8
11949,11958,6,6,6
11967,11958,6,6,6
11949,12016,7,7,7
11949,12017,7,7,7
11967,12016,7,7,7
11967,12017,7,7,7
11949,12009,8,8,8
11949,12024,8,8,8
11967,12009,8,8,8
11967,12024,8,8,8
11949,11957,5,5,5
11949,11959,5,5,5
11967,11957,5,5,5
11967,11959,5,5,5
11949,11956,5,5,5
11949,11960,5,5,5
11967,11956,5,5,5
11967,11960,5,5,5
11949,11954,4,4,4
11949,11962,4,4,4
11967,11954,4,4,4
11967,11962,4,4,4
11949,12015,7,7,7
11949,12018,7,7,7
11967,12015,7,7,7
11967,12018,7,7,7
11949,11942,6,6,6
11949,11974,6,6,6
11967,11942,6,6,6
11967,11974,6,6,6
11949,12011,8,8,8
11949,12012,8,8,8
11949,12021,8,8,8
11967,12011,8,8,8
11967,12012,8,8,8
11967,12021,8,8,8
11949,11947,4,4,4
11949,11969,4,4,4
11967,11947,4,4,4
11967,11969,4,4,4
11949,11955,5,5,5
11949,11961,5,5,5
11967,11955,5,5,5
11967,11961,5,5,5
11949,11946,4,4,4
11949,11970,4,4,4
11967,11946,4,4,4
11967,11970,4,4,4
11949,11953,4,4,4
11949,11963,4,4,4
11967,11953,4,4,4
11967,11963,4,4,4
11949,12007,9,9,9
11949,12026,9,9,9
11967,12007,9,9,9
11967,12026,9,9,9
11949,11944,4,4,4
11949,11972,4,4,4
11949,FRDRK_TRAN_CTR,4,4,4
11967,11944,4,4,4
11967,11972,4,4,4
11967,FRDRK_TRAN_CTR,4,4,4
11949,12014,7,7,7
11949,12019,7,7,7
11967,12014,7,7,7
11967,12019,7,7,7
11949,11940,7,7,7
11967,11940,7,7,7
11949,11952,4,4,4
11949,11964,4,4,4
11967,11952,4,4,4
11967,11964,4,4,4
11949,11943,5,5,5
11949,11973,5,5,5
11967,11943,5,5,5
11967,11973,5,5,5
11949,12006,10,10,10
11967,12006,10,10,10
11949,11948,4,4,4
11949,11968,4,4,4
11967,11948,4,4,4
11967,11968,4,4,4
11949,11950,4,4,4
11949,11966,4,4,4
11967,11950,4,4,4
11967,11966,4,4,4
11949,12013,8,8,8
11949,12020,8,8,8
11967,12013,8,8,8
11967,12020,8,8,8
11949,11941,6,6,6
11949,11975,6,6,6
11967,11941,6,6,6
11967,11975,6,6,6
11949,11951,4,4,4
11949,11965,4,4,4
11967,11951,4,4,4
11967,11965,4,4,4
11943,12008,11,11,11
11943,12025,11,11,11
11973,12008,11,11,11
11973,12025,11,11,11
11943,12010,10,10,10
11943,12023,10,10,10
11943,12875,10,10,10
11973,12010,10,10,10
11973,12023,10,10,10
11973,12875,10,10,10
11943,11958,8,8,8
11973,11958,8,8,8
11943,12016,9,9,9
11943,12017,9,9,9
11973,12016,9,9,9
11973,12017,9,9,9
11943,12009,10,10,10
11943,12024,10,10,10
11973,12009,10,10,10
11973,12024,10,10,10
11943,11957,7,7,7
11943,11959,7,7,7
11973,11957,7,7,7
11973,11959,7,7,7
11943,11956,7,7,7
11943,11960,7,7,7
11973,11956,7,7,7
11973,11960,7,7,7
11943,11954,6,6,6
11943,11962,6,6,6
11973,11954,6,6,6
11973,11962,6,6,6
11943,12015,9,9,9
11943,12018,9,9,9
11973,12015,9,9,9
11973,12018,9,9,9
11943,11942,4,4,4
11943,11974,4,4,4
11973,11942,4,4,4
11973,11974,4,4,4
11943,12011,10,10,10
11943,12012,10,10,10
11943,12021,10,10,10
11973,12011,10,10,10
11973,12012,10,10,10
11973,12021,10,10,10
11943,11947,5,5,5
11943,11969,5,5,5
11973,11947,5,5,5
11973,11969,5,5,5
11943,11949,5,5,5
11943,11967,5,5,5
11973,11949,5,5,5
11973,11967,5,5,5
11943,11955,7,7,7
11943,11961,7,7,7
11973,11955,7,7,7
11973,11961,7,7,7
11943,11946,4,4,4
11943,11970,4,4,4
11973,11946,4,4,4
11973,11970,4,4,4
11943,11953,6,6,6
11943,11963,6,6,6
11973,11953,6,6,6
11973,11963,6,6,6
11943,12007,11,11,11
11943,12026,11,11,11
11973,12007,11,11,11
11973,12026,11,11,11
11943,12014,9,9,9
11943,12019,9,9,9
11973,12014,9,9,9
11973,12019,9,9,9
11943,11940,5,5,5
11973,11940,5,5,5
11943,11952,6,6,6
11943,11964,6,6,6
11973,11952,6,6,6
11973,11964,6,6,6
11943,12006,12,12,12
11973,12006,12,12,12
11943,11948,5,5,5
11943,11968,5,5,5
11973,11948,5,5,5
11973,11968,5,5,5
11943,11950,6,6,6
11943,11966,6,6,6
11973,11950,6,6,6
11973,11966,6,6,6
11943,12013,10,10,10
11943,12020,10,10,10
11973,12013,10,10,10
11973,12020,10,10,10
11943,11941,4,4,4
11943,11975,4,4,4
11973,11941,4,4,4
11973,11975,4,4,4
11943,11951,6,6,6
11943,11965,6,6,6
11973,11951,6,6,6
11973,11965,6,6,6
12015,12008,5,5,5
12015,12025,5,5,5
12018,12008,5,5,5
12018,12025,5,5,5
12015,11913,8,8,8
12015,11945,8,8,8
12015,11971,8,8,8
12018,11913,8,8,8
12018,11945,8,8,8
12018,11971,8,8,8
12015,12010,4,4,4
12015,12023,4,4,4
12015,12875,4,4,4
12018,12010,4,4,4
12018,12023,4,4,4
12018,12875,4,4,4
12015,11958,4,4,4
12018,11958,4,4,4
12015,12016,4,4,4
12015,12017,4,4,4
12018,12016,4,4,4
12018,12017,4,4,4
12015,12009,4,4,4
12015,12024,4,4,4
12018,12009,4,4,4
12018,12024,4,4,4
12015,11957,5,5,5
12015,11959,5,5,5
12018,11957,5,5,5
12018,11959,5,5,5
12015,11956,5,5,5
12015,11960,5,5,5
12018,11956,5,5,5
12018,11960,5,5,5
12015,11954,6,6,6
12015,11962,6,6,6
12018,11954,6,6,6
12018,11962,6,6,6
12015,11942,10,10,10
12015,11974,10,10,10
12018,11942,10,10,10
12018,11974,10,10,10
12015,12011,4,4,4
12015,12012,4,4,4
12015,12021,4,4,4
12018,12011,4,4,4
12018,12012,4,4,4
12018,12021,4,4,4
12015,11947,7,7,7
12015,11969,7,7,7
12018,11947,7,7,7
12018,11969,7,7,7
12015,11949,7,7,7
12015,11967,7,7,7
12018,11949,7,7,7
12018,11967,7,7,7
12015,11955,5,5,5
12015,11961,5,5,5
12018,11955,5,5,5
12018,11961,5,5,5
12015,11946,8,8,8
12015,11970,8,8,8
12018,11946,8,8,8
12018,11970,8,8,8
12015,11953,6,6,6
12015,11963,6,6,6
12018,11953,6,6,6
12018,11963,6,6,6
12015,12007,5,5,5
12015,12026,5,5,5
12018,12007,5,5,5
12018,12026,5,5,5
12015,11944,8,8,8
12015,11972,8,8,8
12015,FRDRK_TRAN_CTR,8,8,8
12018,11944,8,8,8
12018,11972,8,8,8
12018,FRDRK_TRAN_CTR,8,8,8
12015,12014,4,4,4
12015,12019,4,4,4
12018,12014,4,4,4
12018,12019,4,4,4
12015,11940,11,11,11
12018,11940,11,11,11
12015,11952,6,6,6
12015,11964,6,6,6
12018,11952,6,6,6
12018,11964,6,6,6
12015,11943,9,9,9
12015,11973,9,9,9
12018,11943,9,9,9
12018,11973,9,9,9
12015,12006,6,6,6
12018,12006,6,6,6
12015,11948,7,7,7
12015,11968,7,7,7
12018,11948,7,7,7
12018,11968,7,7,7
12015,11950,6,6,6
12015,11966,6,6,6
12018,11950,6,6,6
12018,11966,6,6,6
12015,12013,4,4,4
12015,12020,4,4,4
12018,12013,4,4,4
12018,12020,4,4,4
12015,11941,10,10,10
12015,11975,10,10,10
12018,11941,10,10,10
12018,11975,10,10,10
12015,11951,6,6,6
12015,11965,6,6,6
12018,11951,6,6,6
12018,11965,6,6,6
11947,12008,9,9,9
11947,12025,9,9,9
11969,12008,9,9,9
11969,12025,9,9,9
11947,11913,4,4,4
11947,11945,4,4,4
11947,11971,4,4,4
11969,11913,4,4,4
11969,11945,4,4,4
11969,11971,4,4,4
11947,12010,8,8,8
11947,12023,8,8,8
11947,12875,8,8,8
11969,12010,8,8,8
11969,12023,8,8,8
11969,12875,8,8,8
11947,11958,6,6,6
11969,11958,6,6,6
11947,12016,7,7,7
11947,12017,7,7,7
11969,12016,7,7,7
11969,12017,7,7,7
11947,12009,8,8,8
11947,12024,8,8,8
11969,12009,8,8,8
11969,12024,8,8,8
11947,11957,5,5,5
11947,11959,5,5,5
11969,11957,5,5,5
11969,11959,5,5,5
11947,11956,5,5,5
11947,11960,5,5,5
11969,11956,5,5,5
11969,11960,5,5,5
11947,11954,4,4,4
11947,11962,4,4,4
11969,11954,4,4,4
11969,11962,4,4,4
11947,12015,7,7,7
11947,12018,7,7,7
11969,12015,7,7,7
11969,12018,7,7,7
11947,11942,6,6,6
11947,11974,6,6,6
11969,11942,6,6,6
11969,11974,6,6,6
11947,12011,8,8,8
11947,12012,8,8,8
11947,12021,8,8,8
11969,12011,8,8,8
11969,12012,8,8,8
11969,12021,8,8,8
11947,11949,4,4,4
11947,11967,4,4,4
11969,11949,4,4,4
11969,11967,4,4,4
11947,11955,5,5,5
11947,11961,5,5,5
11969,11955,5,5,5
11969,11961,5,5,5
11947,11946,4,4,4
11947,11970,4,4,4
11969,11946,4,4,4
11969,11970,4,4,4
11947,11953,4,4,4
11947,11963,4,4,4
11969,11953,4,4,4
11969,11963,4,4,4
11947,12007,9,9,9
11947,12026,9,9,9
11969,12007,9,9,9
11969,12026,9,9,9
11947,11944,4,4,4
11947,11972,4,4,4
11947,FRDRK_TRAN_CTR,4,4,4
11969,11944,4,4,4
11969,11972,4,4,4
11969,FRDRK_TRAN_CTR,4,4,4
11947,12014,7,7,7
11947,12019,7,7,7
11969,12014,7,7,7
11969,12019,7,7,7
11947,11940,7,7,7
11969,11940,7,7,7
11947,11952,4,4,4
11947,11964,4,4,4
11969,11952,4,4,4
11969,11964,4,4,4
11947,11943,5,5,5
11947,11973,5,5,5
11969,11943,5,5,5
11969,11973,5,5,5
11947,12006,10,10,10
11969,12006,10,10,10
11947,11948,4,4,4
11947,11968,4,4,4
11969,11948,4,4,4
11969,11968,4,4,4
11947,11950,4,4,4
11947,11966,4,4,4
11969,11950,4,4,4
11969,11966,4,4,4
11947,12013,8,8,8
11947,12020,8,8,8
11969,12013,8,8,8
11969,12020,8,8,8
11947,11941,6,6,6
11947,11975,6,6,6
11969,11941,6,6,6
11969,11975,6,6,6
11947,11951,4,4,4
11947,11965,4,4,4
11969,11951,4,4,4
11969,11965,4,4,4
12008,11913,10,10,10
12008,11945,10,10,10
12008,11971,10,10,10
12025,11913,10,10,10
12025,11945,10,10,10
12025,11971,10,10,10
12008,12010,4,4,4
12008,12023,4,4,4
12008,12875,4,4,4
12025,12010,4,4,4
12025,12023,4,4,4
12025,12875,4,4,4
12008,11958,6,6,6
12025,11958,6,6,6
12008,12016,5,5,5
12008,12017,5,5,5
12025,12016,5,5,5
12025,12017,5,5,5
12008,12009,4,4,4
12008,12024,4,4,4
12025,12009,4,4,4
12025,12024,4,4,4
12008,11957,7,7,7
12008,11959,7,7,7
12025,11957,7,7,7
12025,11959,7,7,7
12008,11956,7,7,7
12008,11960,7,7,7
12025,11956,7,7,7
12025,11960,7,7,7
12008,11954,8,8,8
12008,11962,8,8,8
12025,11954,8,8,8
12025,11962,8,8,8
12008,12015,5,5,5
12008,12018,5,5,5
12025,12015,5,5,5
12025,12018,5,5,5
12008,11942,12,12,12
12008,11974,12,12,12
12025,11942,12,12,12
12025,11974,12,12,12
12008,12011,4,4,4
12008,12012,4,4,4
12008,12021,4,4,4
12025,12011,4,4,4
12025,12012,4,4,4
12025,12021,4,4,4
12008,11947,9,9,9
12008,11969,9,9,9
12025,11947,9,9,9
12025,11969,9,9,9
12008,11949,9,9,9
12008,11967,9,9,9
12025,11949,9,9,9
12025,11967,9,9,9
12008,11955,7,7,7
12008,11961,7,7,7
12025,11955,7,7,7
12025,11961,7,7,7
12008,11946,10,10,10
12008,11970,10,10,10
12025,11946,10,10,10
12025,11970,10,10,10
12008,11953,8,8,8
12008,11963,8,8,8
12025,11953,8,8,8
12025,11963,8,8,8
12008,12007,4,4,4
12008,12026,4,4,4
12025,12007,4,4,4
12025,12026,4,4,4
12008,11944,10,10,10
12008,11972,10,10,10
12008,FRDRK_TRAN_CTR,10,10,10
12025,11944,10,10,10
12025,11972,10,10,10
12025,FRDRK_TRAN_CTR,10,10,10
12008,12014,5,5,5
12008,12019,5,5,5
12025,12014,5,5,5
12025,12019,5,5,5
12008,11940,13,13,13
12025,11940,13,13,13
12008,11952,8,8,8
12008,11964,8,8,8
12025,11952,8,8,8
12025,11964,8,8,8
12008,11943,11,11,11
12008,11973,11,11,11
12025,11943,11,11,11
12025,11973,11,11,11
12008,12006,4,4,4
12025,12006,4,4,4
12008,11948,9,9,9
12008,11968,9,9,9
12025,11948,9,9,9
12025,11968,9,9,9
12008,11950,8,8,8
12008,11966,8,8,8
12025,11950,8,8,8
12025,11966,8,8,8
12008,12013,4,4,4
12008,12020,4,4,4
12025,12013,4,4,4
12025,12020,4,4,4
12008,11941,12,12,12
12008,11975,12,12,12
12025,11941,12,12,12
12025,11975,12,12,12
12008,11951,8,8,8
12008,11965,8,8,8
12025,11951,8,8,8
12025,11965,8,8,8
11941,12008,12,12,12
11941,12025,12,12,12
11975,12008,12,12,12
11975,12025,12,12,12
11941,12010,11,11,11
11941,12023,11,11,11
11941,12875,11,11,11
11975,12010,11,11,11
11975,12023,11,11,11
11975,12875,11,11,11
11941,11958,9,9,9
11975,11958,9,9,9
11941,12016,10,10,10
11941,12017,10,10,10
11975,12016,10,10,10
11975,12017,10,10,10
11941,12009,11,11,11
11941,12024,11,11,11
11975,12009,11,11,11
11975,12024,11,11,11
11941,11957,8,8,8
11941,11959,8,8,8
11975,11957,8,8,8
11975,11959,8,8,8
11941,11956,8,8,8
11941,11960,8,8,8
11975,11956,8,8,8
11975,11960,8,8,8
11941,11954,7,7,7
11941,11962,7,7,7
11975,11954,7,7,7
11975,11962,7,7,7
11941,12015,10,10,10
11941,12018,10,10,10
11975,12015,10,10,10
11975,12018,10,10,10
11941,11942,4,4,4
11941,11974,4,4,4
11975,11942,4,4,4
11975,11974,4,4,4
11941,12011,11,11,11
11941,12012,11,11,11
11941,12021,11,11,11
11975,12011,11,11,11
11975,12012,11,11,11
11975,12021,11,11,11
11941,11947,6,6,6
11941,11969,6,6,6
11975,11947,6,6,6
11975,11969,6,6,6
11941,11949,6,6,6
11941,11967,6,6,6
11975,11949,6,6,6
11975,11967,6,6,6
11941,11955,8,8,8
11941,11961,8,8,8
11975,11955,8,8,8
11975,11961,8,8,8
11941,11946,5,5,5
11941,11970,5,5,5
11975,11946,5,5,5
11975,11970,5,5,5
11941,11953,7,7,7
11941,11963,7,7,7
11975,11953,7,7,7
11975,11963,7,7,7
11941,12007,12,12,12
11941,12026,12,12,12
11975,12007,12,12,12
11975,12026,12,12,12
11941,12014,10,10,10
11941,12019,10,10,10
11975,12014,10,10,10
11975,12019,10,10,10
11941,11940,4,4,4
11975,11940,4,4,4
11941,11952,7,7,7
11941,11964,7,7,7
11975,11952,7,7,7
11975,11964,7,7,7
11941,11943,4,4,4
11941,11973,4,4,4
11975,11943,4,4,4
11975,11973,4,4,4
11941,12006,13,13,13
11975,12006,13,13,13
11941,11948,6,6,6
11941,11968,6,6,6
11975,11948,6,6,6
11975,11968,6,6,6
11941,11950,7,7,7
11941,11966,7,7,7
11975,11950,7,7,7
11975,11966,7,7,7
11941,12013,11,11,11
11941,12020,11,11,11
11975,12013,11,11,11
11975,12020,11,11,11
11941,11951,7,7,7
11941,11965,7,7,7
11975,11951,7,7,7
11975,11965,7,7,7
11944,12008,10,10,10
11944,12025,10,10,10
11972,12008,10,10,10
11972,12025,10,10,10
FRDRK_TRAN_CTR,12008,10,10,10
FRDRK_TRAN_CTR,12025,10,10,10
11944,11913,4,4,4
11944,11945,4,4,4
11944,11971,4,4,4
11972,11913,4,4,4
11972,11945,4,4,4
11972,11971,4,4,4
FRDRK_TRAN_CTR,11913,4,4,4
FRDRK_TRAN_CTR,11945,4,4,4
FRDRK_TRAN_CTR,11971,4,4,4
11944,12010,9,9,9
11944,12023,9,9,9
11944,12875,9,9,9
11972,12010,9,9,9
11972,12023,9,9,9
11972,12875,9,9,9
FRDRK_TRAN_CTR,12010,9,9,9
FRDRK_TRAN_CTR,12023,9,9,9
FRDRK_TRAN_CTR,12875,9,9,9
11944,11958,7,7,7
11972,11958,7,7,7
FRDRK_TRAN_CTR,11958,7,7,7
11944,12016,8,8,8
11944,12017,8,8,8
11972,12016,8,8,8
11972,12017,8,8,8
FRDRK_TRAN_CTR,12016,8,8,8
FRDRK_TRAN_CTR,12017,8,8,8
11944,12009,9,9,9
11944,12024,9,9,9
11972,12009,9,9,9
11972,12024,9,9,9
FRDRK_TRAN_CTR,12009,9,9,9
FRDRK_TRAN_CTR,12024,9,9,9
11944,11957,6,6,6
11944,11959,6,6,6
11972,11957,6,6,6
11972,11959,6,6,6
FRDRK_TRAN_CTR,11957,6,6,6
FRDRK_TRAN_CTR,11959,6,6,6
11944,11956,6,6,6
11944,11960,6,6,6
11972,11956,6,6,6
11972,11960,6,6,6
FRDRK_TRAN_CTR,11956,6,6,6
FRDRK_TRAN_CTR,11960,6,6,6
11944,11954,5,5,5
11944,11962,5,5,5
11972,11954,5,5,5
11972,11962,5,5,5
FRDRK_TRAN_CTR,11954,5,5,5
FRDRK_TRAN_CTR,11962,5,5,5
11944,12015,8,8,8
11944,12018,8,8,8
11972,12015,8,8,8
11972,12018,8,8,8
FRDRK_TRAN_CTR,12015,8,8,8
FRDRK_TRAN_CTR,12018,8,8,8
11944,12011,9,9,9
11944,12012,9,9,9
11944,12021,9,9,9
11972,12011,9,9,9
11972,12012,9,9,9
11972,12021,9,9,9
FRDRK_TRAN_CTR,12011,9,9,9
FRDRK_TRAN_CTR,12012,9,9,9
FRDRK_TRAN_CTR,12021,9,9,9
11944,11947,4,4,4
11944,11969,4,4,4
11972,11947,4,4,4
11972,11969,4,4,4
FRDRK_TRAN_CTR,11947,4,4,4
FRDRK_TRAN_CTR,11969,4,4,4
11944,11949,4,4,4
11944,11967,4,4,4
11972,11949,4,4,4
11972,11967,4,4,4
FRDRK_TRAN_CTR,11949,4,4,4
FRDRK_TRAN_CTR,11967,4,4,4
11944,11955,6,6,6
11944,11961,6,6,6
11972,11955,6,6,6
11972,11961,6,6,6
FRDRK_TRAN_CTR,11955,6,6,6
FRDRK_TRAN_CTR,11961,6,6,6
11944,11953,5,5,5
11944,11963,5,5,5
11972,11953,5,5,5
11972,11963,5,5,5
FRDRK_TRAN_CTR,11953,5,5,5
FRDRK_TRAN_CTR,11963,5,5,5
11944,12007,10,10,10
11944,12026,10,10,10
11972,12007,10,10,10
11972,12026,10,10,10
FRDRK_TRAN_CTR,12007,10,10,10
FRDRK_TRAN_CTR,12026,10,10,10
11944,12014,8,8,8
11944,12019,8,8,8
11972,12014,8,8,8
11972,12019,8,8,8
FRDRK_TRAN_CTR,12014,8,8,8
FRDRK_TRAN_CTR,12019,8,8,8
11944,11952,5,5,5
11944,11964,5,5,5
11972,11952,5,5,5
11972,11964,5,5,5
FRDRK_TRAN_CTR,11952,5,5,5
FRDRK_TRAN_CTR,11964,5,5,5
11944,12006,11,11,11
11972,12006,11,11,11
FRDRK_TRAN_CTR,12006,11,11,11
11944,11948,4,4,4
11944,11968,4,4,4
11972,11948,4,4,4
11972,11968,4,4,4
FRDRK_TRAN_CTR,11948,4,4,4
FRDRK_TRAN_CTR,11968,4,4,4
11944,11950,5,5,5
11944,11966,5,5,5
11972,11950,5,5,5
11972,11966,5,5,5
FRDRK_TRAN_CTR,11950,5,5,5
FRDRK_TRAN_CTR,11966,5,5,5
11944,12013,9,9,9
11944,12020,9,9,9
11972,12013,9,9,9
11972,12020,9,9,9
FRDRK_TRAN_CTR,12013,9,9,9
FRDRK_TRAN_CTR,12020,9,9,9
11944,11951,5,5,5
11944,11965,5,5,5
11972,11951,5,5,5
11972,11965,5,5,5
FRDRK_TRAN_CTR,11951,5,5,5
FRDRK_TRAN_CTR,11965,5,5,5
11952,12008,8,8,8
11952,12025,8,8,8
11964,12008,8,8,8
11964,12025,8,8,8
11952,11913,5,5,5
11952,11945,5,5,5
11952,11971,5,5,5
11964,11913,5,5,5
11964,11945,5,5,5
11964,11971,5,5,5
11952,12010,7,7,7
11952,12023,7,7,7
11952,12875,7,7,7
11964,12010,7,7,7
11964,12023,7,7,7
11964,12875,7,7,7
11952,11958,5,5,5
11964,11958,5,5,5
11952,12016,6,6,6
11952,12017,6,6,6
11964,12016,6,6,6
11964,12017,6,6,6
11952,12009,7,7,7
11952,12024,7,7,7
11964,12009,7,7,7
11964,12024,7,7,7
11952,11957,4,4,4
11952,11959,4,4,4
11964,11957,4,4,4
11964,11959,4,4,4
11952,11956,4,4,4
11952,11960,4,4,4
11964,11956,4,4,4
11964,11960,4,4,4
11952,11954,4,4,4
11952,11962,4,4,4
11964,11954,4,4,4
11964,11962,4,4,4
11952,12015,6,6,6
11952,12018,6,6,6
11964,12015,6,6,6
11964,12018,6,6,6
11952,11942,7,7,7
11952,11974,7,7,7
11964,11942,7,7,7
11964,11974,7,7,7
11952,12011,7,7,7
11952,12012,7,7,7
11952,12021,7,7,7
11964,12011,7,7,7
11964,12012,7,7,7
11964,12021,7,7,7
11952,11947,4,4,4
11952,11969,4,4,4
11964,11947,4,4,4
11964,11969,4,4,4
11952,11949,4,4,4
11952,11967,4,4,4
11964,11949,4,4,4
11964,11967,4,4,4
11952,11955,4,4,4
11952,11961,4,4,4
11964,11955,4,4,4
11964,11961,4,4,4
11952,11946,5,5,5
11952,11970,5,5,5
11964,11946,5,5,5
11964,11970,5,5,5
11952,11953,4,4,4
11952,11963,4,4,4
11964,11953,4,4,4
11964,11963,4,4,4
11952,12007,8,8,8
11952,12026,8,8,8
11964,12007,8,8,8
11964,12026,8,8,8
11952,11944,5,5,5
11952,11972,5,5,5
11952,FRDRK_TRAN_CTR,5,5,5
11964,11944,5,5,5
11964,11972,5,5,5
11964,FRDRK_TRAN_CTR,5,5,5
11952,12014,6,6,6
11952,12019,6,6,6
11964,12014,6,6,6
11964,12019,6,6,6
11952,11940,8,8,8
11964,11940,8,8,8
11952,11943,6,6,6
11952,11973,6,6,6
11964,11943,6,6,6
11964,11973,6,6,6
11952,12006,9,9,9
11964,12006,9,9,9
11952,11948,4,4,4
11952,11968,4,4,4
11964,11948,4,4,4
11964,11968,4,4,4
11952,11950,4,4,4
11952,11966,4,4,4
11964,11950,4,4,4
11964,11966,4,4,4
11952,12013,7,7,7
11952,12020,7,7,7
11964,12013,7,7,7
11964,12020,7,7,7
11952,11941,7,7,7
11952,11975,7,7,7
11964,11941,7,7,7
11964,11975,7,7,7
11952,11951,4,4,4
11952,11965,4,4,4
11964,11951,4,4,4
11964,11965,4,4,4
11955,12008,7,7,7
11955,12025,7,7,7
11961,12008,7,7,7
11961,12025,7,7,7
11955,11913,6,6,6
11955,11945,6,6,6
11955,11971,6,6,6
11961,11913,6,6,6
11961,11945,6,6,6
11961,11971,6,6,6
11955,12010,6,6,6
11955,12023,6,6,6
11955,12875,6,6,6
11961,12010,6,6,6
11961,12023,6,6,6
11961,12875,6,6,6
11955,11958,4,4,4
11961,11958,4,4,4
11955,12016,5,5,5
11955,12017,5,5,5
11961,12016,5,5,5
11961,12017,5,5,5
11955,12009,6,6,6
11955,12024,6,6,6
11961,12009,6,6,6
11961,12024,6,6,6
11955,11957,4,4,4
11955,11959,4,4,4
11961,11957,4,4,4
11961,11959,4,4,4
11955,11956,4,4,4
11955,11960,4,4,4
11961,11956,4,4,4
11961,11960,4,4,4
11955,11954,4,4,4
11955,11962,4,4,4
11961,11954,4,4,4
11961,11962,4,4,4
11955,12015,5,5,5
11955,12018,5,5,5
11961,12015,5,5,5
11961,12018,5,5,5
11955,11942,8,8,8
11955,11974,8,8,8
11961,11942,8,8,8
11961,11974,8,8,8
11955,12011,6,6,6
11955,12012,6,6,6
11955,12021,6,6,6
11961,12011,6,6,6
11961,12012,6,6,6
11961,12021,6,6,6
11955,11947,5,5,5
11955,11969,5,5,5
11961,11947,5,5,5
11961,11969,5,5,5
11955,11949,5,5,5
11955,11967,5,5,5
11961,11949,5,5,5
11961,11967,5,5,5
11955,11946,6,6,6
11955,11970,6,6,6
11961,11946,6,6,6
11961,11970,6,6,6
11955,11953,4,4,4
11955,11963,4,4,4
11961,11953,4,4,4
11961,11963,4,4,4
11955,12007,7,7,7
11955,12026,7,7,7
11961,12007,7,7,7
11961,12026,7,7,7
11955,11944,6,6,6
11955,11972,6,6,6
11955,FRDRK_TRAN_CTR,6,6,6
11961,11944,6,6,6
11961,11972,6,6,6
11961,FRDRK_TRAN_CTR,6,6,6
11955,12014,5,5,5
11955,12019,5,5,5
11961,12014,5,5,5
11961,12019,5,5,5
11955,11940,9,9,9
11961,11940,9,9,9
11955,11952,4,4,4
11955,11964,4,4,4
11961,11952,4,4,4
11961,11964,4,4,4
11955,11943,7,7,7
11955,11973,7,7,7
11961,11943,7,7,7
11961,11973,7,7,7
11955,12006,8,8,8
11961,12006,8,8,8
11955,11948,5,5,5
11955,11968,5,5,5
11961,11948,5,5,5
11961,11968,5,5,5
11955,11950,4,4,4
11955,11966,4,4,4
11961,11950,4,4,4
11961,11966,4,4,4
11955,12013,6,6,6
11955,12020,6,6,6
11961,12013,6,6,6
11961,12020,6,6,6
11955,11941,8,8,8
11955,11975,8,8,8
11961,11941,8,8,8
11961,11975,8,8,8
11955,11951,4,4,4
11955,11965,4,4,4
11961,11951,4,4,4
11961,11965,4,4,4
11950,12008,8,8,8
11950,12025,8,8,8
11966,12008,8,8,8
11966,12025,8,8,8
11950,11913,5,5,5
11950,11945,5,5,5
11950,11971,5,5,5
11966,11913,5,5,5
11966,11945,5,5,5
11966,11971,5,5,5
11950,12010,7,7,7
11950,12023,7,7,7
11950,12875,7,7,7
11966,12010,7,7,7
11966,12023,7,7,7
11966,12875,7,7,7
11950,11958,5,5,5
11966,11958,5,5,5
11950,12016,6,6,6
11950,12017,6,6,6
11966,12016,6,6,6
11966,12017,6,6,6
11950,12009,7,7,7
11950,12024,7,7,7
11966,12009,7,7,7
11966,12024,7,7,7
11950,11957,4,4,4
11950,11959,4,4,4
11966,11957,4,4,4
11966,11959,4,4,4
11950,11956,4,4,4
11950,11960,4,4,4
11966,11956,4,4,4
11966,11960,4,4,4
11950,11954,4,4,4
11950,11962,4,4,4
11966,11954,4,4,4
11966,11962,4,4,4
11950,12015,6,6,6
11950,12018,6,6,6
11966,12015,6,6,6
11966,12018,6,6,6
11950,11942,7,7,7
11950,11974,7,7,7
11966,11942,7,7,7
11966,11974,7,7,7
11950,12011,7,7,7
11950,12012,7,7,7
11950,12021,7,7,7
11966,12011,7,7,7
11966,12012,7,7,7
11966,12021,7,7,7
11950,11947,4,4,4
11950,11969,4,4,4
11966,11947,4,4,4
11966,11969,4,4,4
11950,11949,4,4,4
11950,11967,4,4,4
11966,11949,4,4,4
11966,11967,4,4,4
11950,11955,4,4,4
11950,11961,4,4,4
11966,11955,4,4,4
11966,11961,4,4,4
11950,11946,5,5,5
11950,11970,5,5,5
11966,11946,5,5,5
11966,11970,5,5,5
11950,11953,4,4,4
11950,11963,4,4,4
11966,11953,4,4,4
11966,11963,4,4,4
11950,12007,8,8,8
11950,12026,8,8,8
11966,12007,8,8,8
11966,12026,8,8,8
11950,11944,5,5,5
11950,11972,5,5,5
11950,FRDRK_TRAN_CTR,5,5,5
11966,11944,5,5,5
11966,11972,5,5,5
11966,FRDRK_TRAN_CTR,5,5,5
11950,12014,6,6,6
11950,12019,6,6,6
11966,12014,6,6,6
11966,12019,6,6,6
11950,11940,8,8,8
11966,11940,8,8,8
11950,11952,4,4,4
11950,11964,4,4,4
11966,11952,4,4,4
11966,11964,4,4,4
11950,11943,6,6,6
11950,11973,6,6,6
11966,11943,6,6,6
11966,11973,6,6,6
11950,12006,9,9,9
11966,12006,9,9,9
11950,11948,4,4,4
11950,11968,4,4,4
11966,11948,4,4,4
11966,11968,4,4,4
11950,12013,7,7,7
11950,12020,7,7,7
11966,12013,7,7,7
11966,12020,7,7,7
11950,11941,7,7,7
11950,11975,7,7,7
11966,11941,7,7,7
11966,11975,7,7,7
11950,11951,4,4,4
11950,11965,4,4,4
11966,11951,4,4,4
11966,11965,4,4,4
12014,12008,5,5,5
12014,12025,5,5,5
12019,12008,5,5,5
12019,12025,5,5,5
12014,11913,8,8,8
12014,11945,8,8,8
12014,11971,8,8,8
12019,11913,8,8,8
12019,11945,8,8,8
12019,11971,8,8,8
12014,12010,4,4,4
12014,12023,4,4,4
12014,12875,4,4,4
12019,12010,4,4,4
12019,12023,4,4,4
12019,12875,4,4,4
12014,11958,4,4,4
12019,11958,4,4,4
12014,12016,4,4,4
12014,12017,4,4,4
12019,12016,4,4,4
12019,12017,4,4,4
12014,12009,4,4,4
12014,12024,4,4,4
12019,12009,4,4,4
12019,12024,4,4,4
12014,11957,5,5,5
12014,11959,5,5,5
12019,11957,5,5,5
12019,11959,5,5,5
12014,11956,5,5,5
12014,11960,5,5,5
12019,11956,5,5,5
12019,11960,5,5,5
12014,11954,6,6,6
12014,11962,6,6,6
12019,11954,6,6,6
12019,11962,6,6,6
12014,12015,4,4,4
12014,12018,4,4,4
12019,12015,4,4,4
12019,12018,4,4,4
12014,11942,10,10,10
12014,11974,10,10,10
12019,11942,10,10,10
12019,11974,10,10,10
12014,12011,4,4,4
12014,12012,4,4,4
12014,12021,4,4,4
12019,12011,4,4,4
12019,12012,4,4,4
12019,12021,4,4,4
12014,11947,7,7,7
12014,11969,7,7,7
12019,11947,7,7,7
12019,11969,7,7,7
12014,11949,7,7,7
12014,11967,7,7,7
12019,11949,7,7,7
12019,11967,7,7,7
12014,11955,5,5,5
12014,11961,5,5,5
12019,11955,5,5,5
12019,11961,5,5,5
12014,11946,8,8,8
12014,11970,8,8,8
12019,11946,8,8,8
12019,11970,8,8,8
12014,11953,6,6,6
12014,11963,6,6,6
12019,11953,6,6,6
12019,11963,6,6,6
12014,12007,5,5,5
12014,12026,5,5,5
12019,12007,5,5,5
12019,12026,5,5,5
12014,11944,8,8,8
12014,11972,8,8,8
12014,FRDRK_TRAN_CTR,8,8,8
12019,11944,8,8,8
12019,11972,8,8,8
12019,FRDRK_TRAN_CTR,8,8,8
12014,11940,11,11,11
12019,11940,11,11,11
12014,11952,6,6,6
12014,11964,6,6,6
12019,11952,6,6,6
12019,11964,6,6,6
12014,11943,9,9,9
12014,11973,9,9,9
12019,11943,9,9,9
12019,11973,9,9,9
12014,12006,6,6,6
12019,12006,6,6,6
12014,11948,7,7,7
12014,11968,7,7,7
12019,11948,7,7,7
12019,11968,7,7,7
12014,11950,6,6,6
12014,11966,6,6,6
12019,11950,6,6,6
12019,11966,6,6,6
12014,12013,4,4,4
12014,12020,4,4,4
12019,12013,4,4,4
12019,12020,4,4,4
12014,11941,10,10,10
12014,11975,10,10,10
12019,11941,10,10,10
12019,11975,10,10,10
12014,11951,6,6,6
12014,11965,6,6,6
12019,11951,6,6,6
12019,11965,6,6,6
11942,12008,12,12,12
11942,12025,12,12,12
11974,12008,12,12,12
11974,12025,12,12,12
11942,12010,11,11,11
11942,12023,11,11,11
11942,12875,11,11,11
11974,12010,11,11,11
11974,12023,11,11,11
11974,12875,11,11,11
11942,11958,9,9,9
11974,11958,9,9,9
11942,12016,10,10,10
11942,12017,10,10,10
11974,12016,10,10,10
11974,12017,10,10,10
11942,12009,11,11,11
11942,12024,11,11,11
11974,12009,11,11,11
11974,12024,11,11,11
11942,11957,8,8,8
11942,11959,8,8,8
11974,11957,8,8,8
11974,11959,8,8,8
11942,11956,8,8,8
11942,11960,8,8,8
11974,11956,8,8,8
11974,11960,8,8,8
11942,11954,7,7,7
11942,11962,7,7,7
11974,11954,7,7,7
11974,11962,7,7,7
11942,12015,10,10,10
11942,12018,10,10,10
11974,12015,10,10,10
11974,12018,10,10,10
11942,12011,11,11,11
11942,12012,11,11,11
11942,12021,11,11,11
11974,12011,11,11,11
11974,12012,11,11,11
11974,12021,11,11,11
11942,11947,6,6,6
11942,11969,6,6,6
11974,11947,6,6,6
11974,11969,6,6,6
11942,11949,6,6,6
11942,11967,6,6,6
11974,11949,6,6,6
11974,11967,6,6,6
11942,11955,8,8,8
11942,11961,8,8,8
11974,11955,8,8,8
11974,11961,8,8,8
11942,11946,5,5,5
11942,11970,5,5,5
11974,11946,5,5,5
11974,11970,5,5,5
11942,11953,7,7,7
11942,11963,7,7,7
11974,11953,7,7,7
11974,11963,7,7,7
11942,12007,12,12,12
11942,12026,12,12,12
11974,12007,12,12,12
11974,12026,12,12,12
11942,12014,10,10,10
11942,12019,10,10,10
11974,12014,10,10,10
11974,12019,10,10,10
11942,11940,4,4,4
11974,11940,4,4,4
11942,11952,7,7,7
11942,11964,7,7,7
11974,11952,7,7,7
11974,11964,7,7,7
11942,11943,4,4,4
11942,11973,4,4,4
11974,11943,4,4,4
11974,11973,4,4,4
11942,12006,13,13,13
11974,12006,13,13,13
11942,11948,6,6,6
11942,11968,6,6,6
11974,11948,6,6,6
11974,11968,6,6,6
11942,11950,7,7,7
11942,11966,7,7,7
11974,11950,7,7,7
11974,11966,7,7,7
11942,12013,11,11,11
11942,12020,11,11,11
11974,12013,11,11,11
11974,12020,11,11,11
11942,11941,4,4,4
11942,11975,4,4,4
11974,11941,4,4,4
11974,11975,4,4,4
11942,11951,7,7,7
11942,11965,7,7,7
11974,11951,7,7,7
11974,11965,7,7,7
12009,12008,4,4,4
12009,12025,4,4,4
12024,12008,4,4,4
12024,12025,4,4,4
12009,11913,9,9,9
12009,11945,9,9,9
12009,11971,9,9,9
12024,11913,9,9,9
12024,11945,9,9,9
12024,11971,9,9,9
12009,12010,4,4,4
12009,12023,4,4,4
12009,12875,4,4,4
12024,12010,4,4,4
12024,12023,4,4,4
12024,12875,4,4,4
12009,11958,5,5,5
12024,11958,5,5,5
12009,12016,4,4,4
12009,12017,4,4,4
12024,12016,4,4,4
12024,12017,4,4,4
12009,11957,6,6,6
12009,11959,6,6,6
12024,11957,6,6,6
12024,11959,6,6,6
12009,11956,6,6,6
12009,11960,6,6,6
12024,11956,6,6,6
12024,11960,6,6,6
12009,11954,7,7,7
12009,11962,7,7,7
12024,11954,7,7,7
12024,11962,7,7,7
12009,12015,4,4,4
12009,12018,4,4,4
12024,12015,4,4,4
12024,12018,4,4,4
12009,11942,11,11,11
12009,11974,11,11,11
12024,11942,11,11,11
12024,11974,11,11,11
12009,12011,4,4,4
12009,12012,4,4,4
12009,12021,4,4,4
12024,12011,4,4,4
12024,12012,4,4,4
12024,12021,4,4,4
12009,11947,8,8,8
12009,11969,8,8,8
12024,11947,8,8,8
12024,11969,8,8,8
12009,11949,8,8,8
12009,11967,8,8,8
12024,11949,8,8,8
12024,11967,8,8,8
12009,11955,6,6,6
12009,11961,6,6,6
12024,11955,6,6,6
12024,11961,6,6,6
12009,11946,9,9,9
12009,11970,9,9,9
12024,11946,9,9,9
12024,11970,9,9,9
12009,11953,7,7,7
12009,11963,7,7,7
12024,11953,7,7,7
12024,11963,7,7,7
12009,12007,4,4,4
12009,12026,4,4,4
12024,12007,4,4,4
12024,12026,4,4,4
12009,11944,9,9,9
12009,11972,9,9,9
12009,FRDRK_TRAN_CTR,9,9,9
12024,11944,9,9,9
12024,11972,9,9,9
12024,FRDRK_TRAN_CTR,9,9,9
12009,12014,4,4,4
12009,12019,4,4,4
12024,12014,4,4,4
12024,12019,4,4,4
12009,11940,12,12,12
12024,11940,12,12,12
12009,11952,7,7,7
12009,11964,7,7,7
12024,11952,7,7,7
12024,11964,7,7,7
12009,11943,10,10,10
12009,11973,10,10,10
12024,11943,10,10,10
12024,11973,10,10,10
12009,12006,5,5,5
12024,12006,5,5,5
12009,11948,8,8,8
12009,11968,8,8,8
12024,11948,8,8,8
12024,11968,8,8,8
12009,11950,7,7,7
12009,11966,7,7,7
12024,11950,7,7,7
12024,11966,7,7,7
12009,12013,4,4,4
12009,12020,4,4,4
12024,12013,4,4,4
12024,12020,4,4,4
12009,11941,11,11,11
12009,11975,11,11,11
12024,11941,11,11,11
12024,11975,11,11,11
12009,11951,7,7,7
12009,11965,7,7,7
12024,11951,7,7,7
12024,11965,7,7,7
11956,12008,7,7,7
11956,12025,7,7,7
11960,12008,7,7,7
11960,12025,7,7,7
11956,11913,6,6,6
11956,11945,6,6,6
11956,11971,6,6,6
11960,11913,6,6,6
11960,11945,6,6,6
11960,11971,6,6,6
11956,12010,6,6,6
11956,12023,6,6,6
11956,12875,6,6,6
11960,12010,6,6,6
11960,12023,6,6,6
11960,12875,6,6,6
11956,11958,4,4,4
11960,11958,4,4,4
11956,12016,5,5,5
11956,12017,5,5,5
11960,12016,5,5,5
11960,12017,5,5,5
11956,12009,6,6,6
11956,12024,6,6,6
11960,12009,6,6,6
11960,12024,6,6,6
11956,11957,4,4,4
11956,11959,4,4,4
11960,11957,4,4,4
11960,11959,4,4,4
11956,11954,4,4,4
11956,11962,4,4,4
11960,11954,4,4,4
11960,11962,4,4,4
11956,12015,5,5,5
11956,12018,5,5,5
11960,12015,5,5,5
11960,12018,5,5,5
11956,11942,8,8,8
11956,11974,8,8,8
11960,11942,8,8,8
11960,11974,8,8,8
11956,12011,6,6,6
11956,12012,6,6,6
11956,12021,6,6,6
11960,12011,6,6,6
11960,12012,6,6,6
11960,12021,6,6,6
11956,11947,5,5,5
11956,11969,5,5,5
11960,11947,5,5,5
11960,11969,5,5,5
11956,11949,5,5,5
11956,11967,5,5,5
11960,11949,5,5,5
11960,11967,5,5,5
11956,11955,4,4,4
11956,11961,4,4,4
11960,11955,4,4,4
11960,11961,4,4,4
11956,11946,6,6,6
11956,11970,6,6,6
11960,11946,6,6,6
11960,11970,6,6,6
11956,11953,4,4,4
11956,11963,4,4,4
11960,11953,4,4,4
11960,11963,4,4,4
11956,12007,7,7,7
11956,12026,7,7,7
11960,12007,7,7,7
11960,12026,7,7,7
11956,11944,6,6,6
11956,11972,6,6,6
11956,FRDRK_TRAN_CTR,6,6,6
11960,11944,6,6,6
11960,11972,6,6,6
11960,FRDRK_TRAN_CTR,6,6,6
11956,12014,5,5,5
11956,12019,5,5,5
11960,12014,5,5,5
11960,12019,5,5,5
11956,11940,9,9,9
11960,11940,9,9,9
11956,11952,4,4,4
11956,11964,4,4,4
11960,11952,4,4,4
11960,11964,4,4,4
11956,11943,7,7,7
11956,11973,7,7,7
11960,11943,7,7,7
11960,11973,7,7,7
11956,12006,8,8,8
11960,12006,8,8,8
11956,11948,5,5,5
11956,11968,5,5,5
11960,11948,5,5,5
11960,11968,5,5,5
11956,11950,4,4,4
11956,11966,4,4,4
11960,11950,4,4,4
11960,11966,4,4,4
11956,12013,6,6,6
11956,12020,6,6,6
11960,12013,6,6,6
11960,12020,6,6,6
11956,11941,8,8,8
11956,11975,8,8,8
11960,11941,8,8,8
11960,11975,8,8,8
11956,11951,4,4,4
11956,11965,4,4,4
11960,11951,4,4,4
11960,11965,4,4,4
12011,12008,4,4,4
12011,12025,4,4,4
12012,12008,4,4,4
12012,12025,4,4,4
12021,12008,4,4,4
12021,12025,4,4,4
12011,11913,9,9,9
12011,11945,9,9,9
12011,11971,9,9,9
12012,11913,9,9,9
12012,11945,9,9,9
12012,11971,9,9,9
12021,11913,9,9,9
12021,11945,9,9,9
12021,11971,9,9,9
12011,12010,4,4,4
12011,12023,4,4,4
12011,12875,4,4,4
12012,12010,4,4,4
12012,12023,4,4,4
12012,12875,4,4,4
12021,12010,4,4,4
12021,12023,4,4,4
12021,12875,4,4,4
12011,11958,5,5,5
12012,11958,5,5,5
12021,11958,5,5,5
12011,12016,4,4,4
12011,12017,4,4,4
12012,12016,4,4,4
12012,12017,4,4,4
12021,12016,4,4,4
12021,12017,4,4,4
12011,12009,4,4,4
12011,12024,4,4,4
12012,12009,4,4,4
12012,12024,4,4,4
12021,12009,4,4,4
12021,12024,4,4,4
12011,11957,6,6,6
12011,11959,6,6,6
12012,11957,6,6,6
12012,11959,6,6,6
12021,11957,6,6,6
12021,11959,6,6,6
12011,11956,6,6,6
12011,11960,6,6,6
12012,11956,6,6,6
12012,11960,6,6,6
12021,11956,6,6,6
12021,11960,6,6,6
12011,11954,7,7,7
12011,11962,7,7,7
12012,11954,7,7,7
12012,11962,7,7,7
12021,11954,7,7,7
12021,11962,7,7,7
12011,12015,4,4,4
12011,12018,4,4,4
12012,12015,4,4,4
12012,12018,4,4,4
12021,12015,4,4,4
12021,12018,4,4,4
12011,11942,11,11,11
12011,11974,11,11,11
12012,11942,11,11,11
12012,11974,11,11,11
12021,11942,11,11,11
12021,11974,11,11,11
12011,11947,8,8,8
12011,11969,8,8,8
12012,11947,8,8,8
12012,11969,8,8,8
12021,11947,8,8,8
12021,11969,8,8,8
12011,11949,8,8,8
12011,11967,8,8,8
12012,11949,8,8,8
12012,11967,8,8,8
12021,11949,8,8,8
12021,11967,8,8,8
12011,11955,6,6,6
12011,11961,6,6,6
12012,11955,6,6,6
12012,11961,6,6,6
12021,11955,6,6,6
12021,11961,6,6,6
12011,11946,9,9,9
12011,11970,9,9,9
12012,11946,9,9,9
12012,11970,9,9,9
12021,11946,9,9,9
12021,11970,9,9,9
12011,11953,7,7,7
12011,11963,7,7,7
12012,11953,7,7,7
12012,11963,7,7,7
12021,11953,7,7,7
12021,11963,7,7,7
12011,12007,4,4,4
12011,12026,4,4,4
12012,12007,4,4,4
12012,12026,4,4,4
12021,12007,4,4,4
12021,12026,4,4,4
12011,11944,9,9,9
12011,11972,9,9,9
12011,FRDRK_TRAN_CTR,9,9,9
12012,11944,9,9,9
12012,11972,9,9,9
12012,FRDRK_TRAN_CTR,9,9,9
12021,11944,9,9,9
12021,11972,9,9,9
12021,FRDRK_TRAN_CTR,9,9,9
12011,12014,4,4,4
12011,12019,4,4,4
12012,12014,4,4,4
12012,12019,4,4,4
12021,12014,4,4,4
12021,12019,4,4,4
12011,11940,12,12,12
12012,11940,12,12,12
12021,11940,12,12,12
12011,11952,7,7,7
12011,11964,7,7,7
12012,11952,7,7,7
12012,11964,7,7,7
12021,11952,7,7,7
12021,11964,7,7,7
12011,11943,10,10,10
12011,11973,10,10,10
12012,11943,10,10,10
12012,11973,10,10,10
12021,11943,10,10,10
12021,11973,10,10,10
12011,12006,5,5,5
12012,12006,5,5,5
12021,12006,5,5,5
12011,11948,8,8,8
12011,11968,8,8,8
12012,11948,8,8,8
12012,11968,8,8,8
12021,11948,8,8,8
12021,11968,8,8,8
12011,11950,7,7,7
12011,11966,7,7,7
12012,11950,7,7,7
12012,11966,7,7,7
12021,11950,7,7,7
12021,11966,7,7,7
12011,12013,4,4,4
12011,12020,4,4,4
12012,12013,4,4,4
12012,12020,4,4,4
12021,12013,4,4,4
12021,12020,4,4,4
12011,11941,11,11,11
12011,11975,11,11,11
12012,11941,11,11,11
12012,11975,11,11,11
12021,11941,11,11,11
12021,11975,11,11,11
12011,11951,7,7,7
12011,11965,7,7,7
12012,11951,7,7,7
12012,11965,7,7,7
12021,11951,7,7,7
12021,11965,7,7,7
11940,12008,13,13,13
11940,12025,13,13,13
11940,12010,12,12,12
11940,12023,12,12,12
11940,12875,12,12,12
11940,11958,10,10,10
11940,12016,11,11,11
11940,12017,11,11,11
11940,12009,12,12,12
11940,12024,12,12,12
11940,11957,9,9,9
11940,11959,9,9,9
11940,11956,9,9,9
11940,11960,9,9,9
11940,11954,8,8,8
11940,11962,8,8,8
11940,12015,11,11,11
11940,12018,11,11,11
11940,11942,4,4,4
11940,11974,4,4,4
11940,12011,12,12,12
11940,12012,12,12,12
11940,12021,12,12,12
11940,11947,7,7,7
11940,11969,7,7,7
11940,11949,7,7,7
11940,11967,7,7,7
11940,11955,9,9,9
11940,11961,9,9,9
11940,11946,6,6,6
11940,11970,6,6,6
11940,11953,8,8,8
11940,11963,8,8,8
11940,12007,13,13,13
11940,12026,13,13,13
11940,12014,11,11,11
11940,12019,11,11,11
11940,11952,8,8,8
11940,11964,8,8,8
11940,11943,5,5,5
11940,11973,5,5,5
11940,12006,14,14,14
11940,11948,7,7,7
11940,11968,7,7,7
11940,11950,8,8,8
11940,11966,8,8,8
11940,12013,12,12,12
11940,12020,12,12,12
11940,11941,4,4,4
11940,11975,4,4,4
11940,11951,8,8,8
11940,11965,8,8,8
11951,12008,8,8,8
11951,12025,8,8,8
11965,12008,8,8,8
11965,12025,8,8,8
11951,11913,5,5,5
11951,11945,5,5,5
11951,11971,5,5,5
11965,11913,5,5,5
11965,11945,5,5,5
11965,11971,5,5,5
11951,12010,7,7,7
11951,12023,7,7,7
11951,12875,7,7,7
11965,12010,7,7,7
11965,12023,7,7,7
11965,12875,7,7,7
11951,11958,5,5,5
11965,11958,5,5,5
11951,12016,6,6,6
11951,12017,6,6,6
11965,12016,6,6,6
11965,12017,6,6,6
11951,12009,7,7,7
11951,12024,7,7,7
11965,12009,7,7,7
11965,12024,7,7,7
11951,11957,4,4,4
11951,11959,4,4,4
11965,11957,4,4,4
11965,11959,4,4,4
11951,11956,4,4,4
11951,11960,4,4,4
11965,11956,4,4,4
11965,11960,4,4,4
11951,11954,4,4,4
11951,11962,4,4,4
11965,11954,4,4,4
11965,11962,4,4,4
11951,12015,6,6,6
11951,12018,6,6,6
11965,12015,6,6,6
11965,12018,6,6,6
11951,11942,7,7,7
11951,11974,7,7,7
11965,11942,7,7,7
11965,11974,7,7,7
11951,12011,7,7,7
11951,12012,7,7,7
11951,12021,7,7,7
11965,12011,7,7,7
11965,12012,7,7,7
11965,12021,7,7,7
11951,11947,4,4,4
11951,11969,4,4,4
11965,11947,4,4,4
11965,11969,4,4,4
11951,11949,4,4,4
11951,11967,4,4,4
11965,11949,4,4,4
11965,11967,4,4,4
11951,11955,4,4,4
11951,11961,4,4,4
11965,11955,4,4,4
11965,11961,4,4,4
11951,11946,5,5,5
11951,11970,5,5,5
11965,11946,5,5,5
11965,11970,5,5,5
11951,11953,4,4,4
11951,11963,4,4,4
11965,11953,4,4,4
11965,11963,4,4,4
11951,12007,8,8,8
11951,12026,8,8,8
11965,12007,8,8,8
11965,12026,8,8,8
11951,11944,5,5,5
11951,11972,5,5,5
11951,FRDRK_TRAN_CTR,5,5,5
11965,11944,5,5,5
11965,11972,5,5,5
11965,FRDRK_TRAN_CTR,5,5,5
11951,12014,6,6,6
11951,12019,6,6,6
11965,12014,6,6,6
11965,12019,6,6,6
11951,11940,8,8,8
11965,11940,8,8,8
11951,11952,4,4,4
11951,11964,4,4,4
11965,11952,4,4,4
11965,11964,4,4,4
11951,11943,6,6,6
11951,11973,6,6,6
11965,11943,6,6,6
11965,11973,6,6,6
11951,12006,9,9,9
11965,12006,9,9,9
11951,11948,4,4,4
11951,11968,4,4,4
11965,11948,4,4,4
11965,11968,4,4,4
11951,11950,4,4,4
11951,11966,4,4,4
11965,11950,4,4,4
11965,11966,4,4,4
11951,12013,7,7,7
11951,12020,7,7,7
11965,12013,7,7,7
11965,12020,7,7,7
11951,11941,7,7,7
11951,11975,7,7,7
11965,11941,7,7,7
11965,11975,7,7,7
11913,12008,10,10,10
11913,12025,10,10,10
11945,12008,10,10,10
11945,12025,10,10,10
11971,12008,10,10,10
11971,12025,10,10,10
11913,12010,9,9,9
11913,12023,9,9,9
11913,12875,9,9,9
11945,12010,9,9,9
11945,12023,9,9,9
11945,12875,9,9,9
11971,12010,9,9,9
11971,12023,9,9,9
11971,12875,9,9,9
11913,11958,7,7,7
11945,11958,7,7,7
11971,11958,7,7,7
11913,12016,8,8,8
11913,12017,8,8,8
11945,12016,8,8,8
11945,12017,8,8,8
11971,12016,8,8,8
11971,12017,8,8,8
11913,12009,9,9,9
11913,12024,9,9,9
11945,12009,9,9,9
11945,12024,9,9,9
11971,12009,9,9,9
11971,12024,9,9,9
11913,11957,6,6,6
11913,11959,6,6,6
11945,11957,6,6,6
11945,11959,6,6,6
11971,11957,6,6,6
11971,11959,6,6,6
11913,11956,6,6,6
11913,11960,6,6,6
11945,11956,6,6,6
11945,11960,6,6,6
11971,11956,6,6,6
11971,11960,6,6,6
11913,11954,5,5,5
11913,11962,5,5,5
11945,11954,5,5,5
11945,11962,5,5,5
11971,11954,5,5,5
11971,11962,5,5,5
11913,12015,8,8,8
11913,12018,8,8,8
11945,12015,8,8,8
11945,12018,8,8,8
11971,12015,8,8,8
11971,12018,8,8,8
11913,12011,9,9,9
11913,12012,9,9,9
11913,12021,9,9,9
11945,12011,9,9,9
11945,12012,9,9,9
11945,12021,9,9,9
11971,12011,9,9,9
11971,12012,9,9,9
11971,12021,9,9,9
11913,11947,4,4,4
11913,11969,4,4,4
11945,11947,4,4,4
11945,11969,4,4,4
11971,11947,4,4,4
11971,11969,4,4,4
11913,11949,4,4,4
11913,11967,4,4,4
11945,11949,4,4,4
11945,11967,4,4,4
11971,11949,4,4,4
11971,11967,4,4,4
11913,11955,6,6,6
11913,11961,6,6,6
11945,11955,6,6,6
11945,11961,6,6,6
11971,11955,6,6,6
11971,11961,6,6,6
11913,11953,5,5,5
11913,11963,5,5,5
11945,11953,5,5,5
11945,11963,5,5,5
11971,11953,5,5,5
11971,11963,5,5,5
11913,12007,10,10,10
11913,12026,10,10,10
11945,12007,10,10,10
11945,12026,10,10,10
11971,12007,10,10,10
11971,12026,10,10,10
11913,11944,4,4,4
11913,11972,4,4,4
11913,FRDRK_TRAN_CTR,4,4,4
11945,11944,4,4,4
11945,11972,4,4,4
11945,FRDRK_TRAN_CTR,4,4,4
11971,11944,4,4,4
11971,11972,4,4,4
11971,FRDRK_TRAN_CTR,4,4,4
11913,12014,8,8,8
11913,12019,8,8,8
11945,12014,8,8,8
11945,12019,8,8,8
11971,12014,8,8,8
11971,12019,8,8,8
11913,11952,5,5,5
11913,11964,5,5,5
11945,11952,5,5,5
11945,11964,5,5,5
11971,11952,5,5,5
11971,11964,5,5,5
11913,12006,11,11,11
11945,12006,11,11,11
11971,12006,11,11,11
11913,11948,4,4,4
11913,11968,4,4,4
11945,11948,4,4,4
11945,11968,4,4,4
11971,11948,4,4,4
11971,11968,4,4,4
11913,11950,5,5,5
11913,11966,5,5,5
11945,11950,5,5,5
11945,11966,5,5,5
11971,11950,5,5,5
11971,11966,5,5,5
11913,12013,9,9,9
11913,12020,9,9,9
11945,12013,9,9,9
11945,12020,9,9,9
11971,12013,9,9,9
11971,12020,9,9,9
11913,11951,5,5,5
11913,11965,5,5,5
11945,11951,5,5,5
11945,11965,5,5,5
11971,11951,5,5,5
11971,11965,5,5,5
12013,12008,4,4,4
12013,12025,4,4,4
12020,12008,4,4,4
12020,12025,4,4,4
12013,11913,9,9,9
12013,11945,9,9,9
12013,11971,9,9,9
12020,11913,9,9,9
12020,11945,9,9,9
12020,11971,9,9,9
12013,12010,4,4,4
12013,12023,4,4,4
12013,12875,4,4,4
12020,12010,4,4,4
12020,12023,4,4,4
12020,12875,4,4,4
12013,11958,5,5,5
12020,11958,5,5,5
12013,12016,4,4,4
12013,12017,4,4,4
12020,12016,4,4,4
12020,12017,4,4,4
12013,12009,4,4,4
12013,12024,4,4,4
12020,12009,4,4,4
12020,12024,4,4,4
12013,11957,6,6,6
12013,11959,6,6,6
12020,11957,6,6,6
12020,11959,6,6,6
12013,11956,6,6,6
12013,11960,6,6,6
12020,11956,6,6,6
12020,11960,6,6,6
12013,11954,7,7,7
12013,11962,7,7,7
12020,11954,7,7,7
12020,11962,7,7,7
12013,12015,4,4,4
12013,12018,4,4,4
12020,12015,4,4,4
12020,12018,4,4,4
12013,11942,11,11,11
12013,11974,11,11,11
12020,11942,11,11,11
12020,11974,11,11,11
12013,12011,4,4,4
12013,12012,4,4,4
12013,12021,4,4,4
12020,12011,4,4,4
12020,12012,4,4,4
12020,12021,4,4,4
12013,11947,8,8,8
12013,11969,8,8,8
12020,11947,8,8,8
12020,11969,8,8,8
12013,11949,8,8,8
12013,11967,8,8,8
12020,11949,8,8,8
12020,11967,8,8,8
12013,11955,6,6,6
12013,11961,6,6,6
12020,11955,6,6,6
12020,11961,6,6,6
12013,11946,9,9,9
12013,11970,9,9,9
12020,11946,9,9,9
12020,11970,9,9,9
12013,11953,7,7,7
12013,11963,7,7,7
12020,11953,7,7,7
12020,11963,7,7,7
12013,12007,4,4,4
12013,12026,4,4,4
12020,12007,4,4,4
12020,12026,4,4,4
12013,11944,9,9,9
12013,11972,9,9,9
12013,FRDRK_TRAN_CTR,9,9,9
12020,11944,9,9,9
12020,11972,9,9,9
12020,FRDRK_TRAN_CTR,9,9,9
12013,12014,4,4,4
12013,12019,4,4,4
12020,12014,4,4,4
12020,12019,4,4,4
12013,11940,12,12,12
12020,11940,12,12,12
12013,11952,7,7,7
12013,11964,7,7,7
12020,11952,7,7,7
12020,11964,7,7,7
12013,11943,10,10,10
12013,11973,10,10,10
12020,11943,10,10,10
12020,11973,10,10,10
12013,12006,5,5,5
12020,12006,5,5,5
12013,11948,8,8,8
12013,11968,8,8,8
12020,11948,8,8,8
12020,11968,8,8,8
12013,11950,7,7,7
12013,11966,7,7,7
12020,11950,7,7,7
12020,11966,7,7,7
12013,11941,11,11,11
12013,11975,11,11,11
12020,11941,11,11,11
12020,11975,11,11,11
12013,11951,7,7,7
12013,11965,7,7,7
12020,11951,7,7,7
12020,11965,7,7,7
11946,12008,10,10,10
11946,12025,10,10,10
11970,12008,10,10,10
11970,12025,10,10,10
11946,12010,9,9,9
11946,12023,9,9,9
11946,12875,9,9,9
11970,12010,9,9,9
11970,12023,9,9,9
11970,12875,9,9,9
11946,11958,7,7,7
11970,11958,7,7,7
11946,12016,8,8,8
11946,12017,8,8,8
11970,12016,8,8,8
11970,12017,8,8,8
11946,12009,9,9,9
11946,12024,9,9,9
11970,12009,9,9,9
11970,12024,9,9,9
11946,11957,6,6,6
11946,11959,6,6,6
11970,11957,6,6,6
11970,11959,6,6,6
11946,11956,6,6,6
11946,11960,6,6,6
11970,11956,6,6,6
11970,11960,6,6,6
11946,11954,5,5,5
11946,11962,5,5,5
11970,11954,5,5,5
11970,11962,5,5,5
11946,12015,8,8,8
11946,12018,8,8,8
11970,12015,8,8,8
11970,12018,8,8,8
11946,11942,5,5,5
11946,11974,5,5,5
11970,11942,5,5,5
11970,11974,5,5,5
11946,12011,9,9,9
11946,12012,9,9,9
11946,12021,9,9,9
11970,12011,9,9,9
11970,12012,9,9,9
11970,12021,9,9,9
11946,11947,4,4,4
11946,11969,4,4,4
11970,11947,4,4,4
11970,11969,4,4,4
11946,11949,4,4,4
11946,11967,4,4,4
11970,11949,4,4,4
11970,11967,4,4,4
11946,11955,6,6,6
11946,11961,6,6,6
11970,11955,6,6,6
11970,11961,6,6,6
11946,11953,5,5,5
11946,11963,5,5,5
11970,11953,5,5,5
11970,11963,5,5,5
11946,12007,10,10,10
11946,12026,10,10,10
11970,12007,10,10,10
11970,12026,10,10,10
11946,12014,8,8,8
11946,12019,8,8,8
11970,12014,8,8,8
11970,12019,8,8,8
11946,11940,6,6,6
11970,11940,6,6,6
11946,11952,5,5,5
11946,11964,5,5,5
11970,11952,5,5,5
11970,11964,5,5,5
11946,11943,4,4,4
11946,11973,4,4,4
11970,11943,4,4,4
11970,11973,4,4,4
11946,12006,11,11,11
11970,12006,11,11,11
11946,11948,4,4,4
11946,11968,4,4,4
11970,11948,4,4,4
11970,11968,4,4,4
11946,11950,5,5,5
11946,11966,5,5,5
11970,11950,5,5,5
11970,11966,5,5,5
11946,12013,9,9,9
11946,12020,9,9,9
11970,12013,9,9,9
11970,12020,9,9,9
11946,11941,5,5,5
11946,11975,5,5,5
11970,11941,5,5,5
11970,11975,5,5,5
11946,11951,5,5,5
11946,11965,5,5,5
11970,11951,5,5,5
11970,11965,5,5,5
12016,12008,5,5,5
12016,12025,5,5,5
12017,12008,5,5,5
12017,12025,5,5,5
12016,11913,8,8,8
12016,11945,8,8,8
12016,11971,8,8,8
12017,11913,8,8,8
12017,11945,8,8,8
12017,11971,8,8,8
12016,12010,4,4,4
12016,12023,4,4,4
12016,12875,4,4,4
12017,12010,4,4,4
12017,12023,4,4,4
12017,12875,4,4,4
12016,11958,4,4,4
12017,11958,4,4,4
12016,12009,4,4,4
12016,12024,4,4,4
12017,12009,4,4,4
12017,12024,4,4,4
12016,11957,5,5,5
12016,11959,5,5,5
12017,11957,5,5,5
12017,11959,5,5,5
12016,11956,5,5,5
12016,11960,5,5,5
12017,11956,5,5,5
12017,11960,5,5,5
12016,11954,6,6,6
12016,11962,6,6,6
12017,11954,6,6,6
12017,11962,6,6,6
12016,12015,4,4,4
12016,12018,4,4,4
12017,12015,4,4,4
12017,12018,4,4,4
12016,11942,10,10,10
12016,11974,10,10,10
12017,11942,10,10,10
12017,11974,10,10,10
12016,12011,4,4,4
12016,12012,4,4,4
12016,12021,4,4,4
12017,12011,4,4,4
12017,12012,4,4,4
12017,12021,4,4,4
12016,11947,7,7,7
12016,11969,7,7,7
12017,11947,7,7,7
12017,11969,7,7,7
12016,11949,7,7,7
12016,11967,7,7,7
12017,11949,7,7,7
12017,11967,7,7,7
12016,11955,5,5,5
12016,11961,5,5,5
12017,11955,5,5,5
12017,11961,5,5,5
12016,11946,8,8,8
12016,11970,8,8,8
12017,11946,8,8,8
12017,11970,8,8,8
12016,11953,6,6,6
12016,11963,6,6,6
12017,11953,6,6,6
12017,11963,6,6,6
12016,12007,5,5,5
12016,12026,5,5,5
12017,12007,5,5,5
12017,12026,5,5,5
12016,11944,8,8,8
12016,11972,8,8,8
12016,FRDRK_TRAN_CTR,8,8,8
12017,11944,8,8,8
12017,11972,8,8,8
12017,FRDRK_TRAN_CTR,8,8,8
12016,12014,4,4,4
12016,12019,4,4,4
12017,12014,4,4,4
12017,12019,4,4,4
12016,11940,11,11,11
12017,11940,11,11,11
12016,11952,6,6,6
12016,11964,6,6,6
12017,11952,6,6,6
12017,11964,6,6,6
12016,11943,9,9,9
12016,11973,9,9,9
12017,11943,9,9,9
12017,11973,9,9,9
12016,12006,6,6,6
12017,12006,6,6,6
12016,11948,7,7,7
12016,11968,7,7,7
12017,11948,7,7,7
12017,11968,7,7,7
12016,11950,6,6,6
12016,11966,6,6,6
12017,11950,6,6,6
12017,11966,6,6,6
12016,12013,4,4,4
12016,12020,4,4,4
12017,12013,4,4,4
12017,12020,4,4,4
12016,11941,10,10,10
12016,11975,10,10,10
12017,11941,10,10,10
12017,11975,10,10,10
12016,11951,6,6,6
12016,11965,6,6,6
12017,11951,6,6,6
12017,11965,6,6,6
11954,12008,8,8,8
11954,12025,8,8,8
11962,12008,8,8,8
11962,12025,8,8,8
11954,11913,5,5,5
11954,11945,5,5,5
11954,11971,5,5,5
11962,11913,5,5,5
11962,11945,5,5,5
11962,11971,5,5,5
11954,12010,7,7,7
11954,12023,7,7,7
11954,12875,7,7,7
11962,12010,7,7,7
11962,12023,7,7,7
11962,12875,7,7,7
11954,11958,5,5,5
11962,11958,5,5,5
11954,12016,6,6,6
11954,12017,6,6,6
11962,12016,6,6,6
11962,12017,6,6,6
11954,12009,7,7,7
11954,12024,7,7,7
11962,12009,7,7,7
11962,12024,7,7,7
11954,11957,4,4,4
11954,11959,4,4,4
11962,11957,4,4,4
11962,11959,4,4,4
11954,11956,4,4,4
11954,11960,4,4,4
11962,11956,4,4,4
11962,11960,4,4,4
11954,12015,6,6,6
11954,12018,6,6,6
11962,12015,6,6,6
11962,12018,6,6,6
11954,11942,7,7,7
11954,11974,7,7,7
11962,11942,7,7,7
11962,11974,7,7,7
11954,12011,7,7,7
11954,12012,7,7,7
11954,12021,7,7,7
11962,12011,7,7,7
11962,12012,7,7,7
11962,12021,7,7,7
11954,11947,4,4,4
11954,11969,4,4,4
11962,11947,4,4,4
11962,11969,4,4,4
11954,11949,4,4,4
11954,11967,4,4,4
11962,11949,4,4,4
11962,11967,4,4,4
11954,11955,4,4,4
11954,11961,4,4,4
11962,11955,4,4,4
11962,11961,4,4,4
11954,11946,5,5,5
11954,11970,5,5,5
11962,11946,5,5,5
11962,11970,5,5,5
11954,11953,4,4,4
11954,11963,4,4,4
11962,11953,4,4,4
11962,11963,4,4,4
11954,12007,8,8,8
11954,12026,8,8,8
11962,12007,8,8,8
11962,12026,8,8,8
11954,11944,5,5,5
11954,11972,5,5,5
11954,FRDRK_TRAN_CTR,5,5,5
11962,11944,5,5,5
11962,11972,5,5,5
11962,FRDRK_TRAN_CTR,5,5,5
11954,12014,6,6,6
11954,12019,6,6,6
11962,12014,6,6,6
11962,12019,6,6,6
11954,11940,8,8,8
11962,11940,8,8,8
11954,11952,4,4,4
11954,11964,4,4,4
11962,11952,4,4,4
11962,11964,4,4,4
11954,11943,6,6,6
11954,11973,6,6,6
11962,11943,6,6,6
11962,11973,6,6,6
11954,12006,9,9,9
11962,12006,9,9,9
11954,11948,4,4,4
11954,11968,4,4,4
11962,11948,4,4,4
11962,11968,4,4,4
11954,11950,4,4,4
11954,11966,4,4,4
11962,11950,4,4,4
11962,11966,4,4,4
11954,12013,7,7,7
11954,12020,7,7,7
11962,12013,7,7,7
11962,12020,7,7,7
11954,11941,7,7,7
11954,11975,7,7,7
11962,11941,7,7,7
11962,11975,7,7,7
11954,11951,4,4,4
11954,11965,4,4,4
11962,11951,4,4,4
11962,11965,4,4,4
12010,12008,4,4,4
12010,12025,4,4,4
12023,12008,4,4,4
12023,12025,4,4,4
12875,12008,4,4,4
12875,12025,4,4,4
12010,11913,9,9,9
12010,11945,9,9,9
12010,11971,9,9,9
12023,11913,9,9,9
12023,11945,9,9,9
12023,11971,9,9,9
12875,11913,9,9,9
12875,11945,9,9,9
12875,11971,9,9,9
12010,11958,5,5,5
12023,11958,5,5,5
12875,11958,5,5,5
12010,12016,4,4,4
12010,12017,4,4,4
12023,12016,4,4,4
12023,12017,4,4,4
12875,12016,4,4,4
12875,12017,4,4,4
12010,12009,4,4,4
12010,12024,4,4,4
12023,12009,4,4,4
12023,12024,4,4,4
12875,12009,4,4,4
12875,12024,4,4,4
12010,11957,6,6,6
12010,11959,6,6,6
12023,11957,6,6,6
12023,11959,6,6,6
12875,11957,6,6,6
12875,11959,6,6,6
12010,11956,6,6,6
12010,11960,6,6,6
12023,11956,6,6,6
12023,11960,6,6,6
12875,11956,6,6,6
12875,11960,6,6,6
12010,11954,7,7,7
12010,11962,7,7,7
12023,11954,7,7,7
12023,11962,7,7,7
12875,11954,7,7,7
12875,11962,7,7,7
12010,12015,4,4,4
12010,12018,4,4,4
12023,12015,4,4,4
12023,12018,4,4,4
12875,12015,4,4,4
12875,12018,4,4,4
12010,11942,11,11,11
12010,11974,11,11,11
12023,11942,11,11,11
12023,11974,11,11,11
12875,11942,11,11,11
12875,11974,11,11,11
12010,12011,4,4,4
12010,12012,4,4,4
12010,12021,4,4,4
12023,12011,4,4,4
12023,12012,4,4,4
12023,12021,4,4,4
12875,12011,4,4,4
12875,12012,4,4,4
12875,12021,4,4,4
12010,11947,8,8,8
12010,11969,8,8,8
12023,11947,8,8,8
12023,11969,8,8,8
12875,11947,8,8,8
12875,11969,8,8,8
12010,11949,8,8,8
12010,11967,8,8,8
12023,11949,8,8,8
12023,11967,8,8,8
12875,11949,8,8,8
12875,11967,8,8,8
12010,11955,6,6,6
12010,11961,6,6,6
12023,11955,6,6,6
12023,11961,6,6,6
12875,11955,6,6,6
12875,11961,6,6,6
12010,11946,9,9,9
12010,11970,9,9,9
12023,11946,9,9,9
12023,11970,9,9,9
12875,11946,9,9,9
12875,11970,9,9,9
12010,11953,7,7,7
12010,11963,7,7,7
12023,11953,7,7,7
12023,11963,7,7,7
12875,11953,7,7,7
12875,11963,7,7,7
12010,12007,4,4,4
12010,12026,4,4,4
12023,12007,4,4,4
12023,12026,4,4,4
12875,12007,4,4,4
12875,12026,4,4,4
12010,11944,9,9,9
12010,11972,9,9,9
12010,FRDRK_TRAN_CTR,9,9,9
12023,11944,9,9,9
12023,11972,9,9,9
12023,FRDRK_TRAN_CTR,9,9,9
12875,11944,9,9,9
12875,11972,9,9,9
12875,FRDRK_TRAN_CTR,9,9,9
12010,12014,4,4,4
12010,12019,4,4,4
12023,12014,4,4,4
12023,12019,4,4,4
12875,12014,4,4,4
12875,12019,4,4,4
12010,11940,12,12,12
12023,11940,12,12,12
12875,11940,12,12,12
12010,11952,7,7,7
12010,11964,7,7,7
12023,11952,7,7,7
12023,11964,7,7,7
12875,11952,7,7,7
12875,11964,7,7,7
12010,11943,10,10,10
12010,11973,10,10,10
12023,11943,10,10,10
12023,11973,10,10,10
12875,11943,10,10,10
12875,11973,10,10,10
12010,12006,5,5,5
12023,12006,5,5,5
12875,12006,5,5,5
12010,11948,8,8,8
12010,11968,8,8,8
12023,11948,8,8,8
12023,11968,8,8,8
12875,11948,8,8,8
12875,11968,8,8,8
12010,11950,7,7,7
12010,11966,7,7,7
12023,11950,7,7,7
12023,11966,7,7,7
12875,11950,7,7,7
12875,11966,7,7,7
12010,12013,4,4,4
12010,12020,4,4,4
12023,12013,4,4,4
12023,12020,4,4,4
12875,12013,4,4,4
12875,12020,4,4,4
12010,11941,11,11,11
12010,11975,11,11,11
12023,11941,11,11,11
12023,11975,11,11,11
12875,11941,11,11,11
12875,11975,11,11,11
12010,11951,7,7,7
12010,11965,7,7,7
12023,11951,7,7,7
12023,11965,7,7,7
12875,11951,7,7,7
12875,11965,7,7,7
12007,12008,4,4,4
12007,12025,4,4,4
12026,12008,4,4,4
12026,12025,4,4,4
12007,11913,10,10,10
12007,11945,10,10,10
12007,11971,10,10,10
12026,11913,10,10,10
12026,11945,10,10,10
12026,11971,10,10,10
12007,12010,4,4,4
12007,12023,4,4,4
12007,12875,4,4,4
12026,12010,4,4,4
12026,12023,4,4,4
12026,12875,4,4,4
12007,11958,6,6,6
12026,11958,6,6,6
12007,12016,5,5,5
12007,12017,5,5,5
12026,12016,5,5,5
12026,12017,5,5,5
12007,12009,4,4,4
12007,12024,4,4,4
12026,12009,4,4,4
12026,12024,4,4,4
12007,11957,7,7,7
12007,11959,7,7,7
12026,11957,7,7,7
12026,11959,7,7,7
12007,11956,7,7,7
12007,11960,7,7,7
12026,11956,7,7,7
12026,11960,7,7,7
12007,11954,8,8,8
12007,11962,8,8,8
12026,11954,8,8,8
12026,11962,8,8,8
12007,12015,5,5,5
12007,12018,5,5,5
12026,12015,5,5,5
12026,12018,5,5,5
12007,11942,12,12,12
12007,11974,12,12,12
12026,11942,12,12,12
12026,11974,12,12,12
12007,12011,4,4,4
12007,12012,4,4,4
12007,12021,4,4,4
12026,12011,4,4,4
12026,12012,4,4,4
12026,12021,4,4,4
12007,11947,9,9,9
12007,11969,9,9,9
12026,11947,9,9,9
12026,11969,9,9,9
12007,11949,9,9,9
12007,11967,9,9,9
12026,11949,9,9,9
12026,11967,9,9,9
12007,11955,7,7,7
12007,11961,7,7,7
12026,11955,7,7,7
12026,11961,7,7,7
12007,11946,10,10,10
12007,11970,10,10,10
12026,11946,10,10,10
12026,11970,10,10,10
12007,11953,8,8,8
12007,11963,8,8,8
12026,11953,8,8,8
12026,11963,8,8,8
12007,11944,10,10,10
12007,11972,10,10,10
12007,FRDRK_TRAN_CTR,10,10,10
12026,11944,10,10,10
12026,11972,10,10,10
12026,FRDRK_TRAN_CTR,10,10,10
12007,12014,5,5,5
12007,12019,5,5,5
12026,12014,5,5,5
12026,12019,5,5,5
12007,11940,13,13,13
12026,11940,13,13,13
12007,11952,8,8,8
12007,11964,8,8,8
12026,11952,8,8,8
12026,11964,8,8,8
12007,11943,11,11,11
12007,11973,11,11,11
12026,11943,11,11,11
12026,11973,11,11,11
12007,12006,4,4,4
12026,12006,4,4,4
12007,11948,9,9,9
12007,11968,9,9,9
12026,11948,9,9,9
12026,11968,9,9,9
12007,11950,8,8,8
12007,11966,8,8,8
12026,11950,8,8,8
12026,11966,8,8,8
12007,12013,4,4,4
12007,12020,4,4,4
12026,12013,4,4,4
12026,12020,4,4,4
12007,11941,12,12,12
12007,11975,12,12,12
12026,11941,12,12,12
12026,11975,12,12,12
12007,11951,8,8,8
12007,11965,8,8,8
12026,11951,8,8,8
12026,11965,8,8,8
11957,12008,7,7,7
11957,12025,7,7,7
11959,12008,7,7,7
11959,12025,7,7,7
11957,11913,6,6,6
11957,11945,6,6,6
11957,11971,6,6,6
11959,11913,6,6,6
11959,11945,6,6,6
11959,11971,6,6,6
11957,12010,6,6,6
11957,12023,6,6,6
11957,12875,6,6,6
11959,12010,6,6,6
11959,12023,6,6,6
11959,12875,6,6,6
11957,11958,4,4,4
11959,11958,4,4,4
11957,12016,5,5,5
11957,12017,5,5,5
11959,12016,5,5,5
11959,12017,5,5,5
11957,12009,6,6,6
11957,12024,6,6,6
11959,12009,6,6,6
11959,12024,6,6,6
11957,11956,4,4,4
11957,11960,4,4,4
11959,11956,4,4,4
11959,11960,4,4,4
11957,11954,4,4,4
11957,11962,4,4,4
11959,11954,4,4,4
11959,11962,4,4,4
11957,12015,5,5,5
11957,12018,5,5,5
11959,12015,5,5,5
11959,12018,5,5,5
11957,11942,8,8,8
11957,11974,8,8,8
11959,11942,8,8,8
11959,11974,8,8,8
11957,12011,6,6,6
11957,12012,6,6,6
11957,12021,6,6,6
11959,12011,6,6,6
11959,12012,6,6,6
11959,12021,6,6,6
11957,11947,5,5,5
11957,11969,5,5,5
11959,11947,5,5,5
11959,11969,5,5,5
11957,11949,5,5,5
11957,11967,5,5,5
11959,11949,5,5,5
11959,11967,5,5,5
11957,11955,4,4,4
11957,11961,4,4,4
11959,11955,4,4,4
11959,11961,4,4,4
11957,11946,6,6,6
11957,11970,6,6,6
11959,11946,6,6,6
11959,11970,6,6,6
11957,11953,4,4,4
11957,11963,4,4,4
11959,11953,4,4,4
11959,11963,4,4,4
11957,12007,7,7,7
11957,12026,7,7,7
11959,12007,7,7,7
11959,12026,7,7,7
11957,11944,6,6,6
11957,11972,6,6,6
11957,FRDRK_TRAN_CTR,6,6,6
11959,11944,6,6,6
11959,11972,6,6,6
11959,FRDRK_TRAN_CTR,6,6,6
11957,12014,5,5,5
11957,12019,5,5,5
11959,12014,5,5,5
11959,12019,5,5,5
11957,11940,9,9,9
11959,11940,9,9,9
11957,11952,4,4,4
11957,11964,4,4,4
11959,11952,4,4,4
11959,11964,4,4,4
11957,11943,7,7,7
11957,11973,7,7,7
11959,11943,7,7,7
11959,11973,7,7,7
11957,12006,8,8,8
11959,12006,8,8,8
11957,11948,5,5,5
11957,11968,5,5,5
11959,11948,5,5,5
11959,11968,5,5,5
11957,11950,4,4,4
11957,11966,4,4,4
11959,11950,4,4,4
11959,11966,4,4,4
11957,12013,6,6,6
11957,12020,6,6,6
11959,12013,6,6,6
11959,12020,6,6,6
11957,11941,8,8,8
11957,11975,8,8,8
11959,11941,8,8,8
11959,11975,8,8,8
11957,11951,4,4,4
11957,11965,4,4,4
11959,11951,4,4,4
11959,11965,4,4,4
11953,12008,8,8,8
11953,12025,8,8,8
11963,12008,8,8,8
11963,12025,8,8,8
11953,11913,5,5,5
11953,11945,5,5,5
11953,11971,5,5,5
11963,11913,5,5,5
11963,11945,5,5,5
11963,11971,5,5,5
11953,12010,7,7,7
11953,12023,7,7,7
11953,12875,7,7,7
11963,12010,7,7,7
11963,12023,7,7,7
11963,12875,7,7,7
11953,11958,5,5,5
11963,11958,5,5,5
11953,12016,6,6,6
11953,12017,6,6,6
11963,12016,6,6,6
11963,12017,6,6,6
11953,12009,7,7,7
11953,12024,7,7,7
11963,12009,7,7,7
11963,12024,7,7,7
11953,11957,4,4,4
11953,11959,4,4,4
11963,11957,4,4,4
11963,11959,4,4,4
11953,11956,4,4,4
11953,11960,4,4,4
11963,11956,4,4,4
11963,11960,4,4,4
11953,11954,4,4,4
11953,11962,4,4,4
11963,11954,4,4,4
11963,11962,4,4,4
11953,12015,6,6,6
11953,12018,6,6,6
11963,12015,6,6,6
11963,12018,6,6,6
11953,11942,7,7,7
11953,11974,7,7,7
11963,11942,7,7,7
11963,11974,7,7,7
11953,12011,7,7,7
11953,12012,7,7,7
11953,12021,7,7,7
11963,12011,7,7,7
11963,12012,7,7,7
11963,12021,7,7,7
11953,11947,4,4,4
11953,11969,4,4,4
11963,11947,4,4,4
11963,11969,4,4,4
11953,11949,4,4,4
11953,11967,4,4,4
11963,11949,4,4,4
11963,11967,4,4,4
11953,11955,4,4,4
11953,11961,4,4,4
11963,11955,4,4,4
11963,11961,4,4,4
11953,11946,5,5,5
11953,11970,5,5,5
11963,11946,5,5,5
11963,11970,5,5,5
11953,12007,8,8,8
11953,12026,8,8,8
11963,12007,8,8,8
11963,12026,8,8,8
11953,11944,5,5,5
11953,11972,5,5,5
11953,FRDRK_TRAN_CTR,5,5,5
11963,11944,5,5,5
11963,11972,5,5,5
11963,FRDRK_TRAN_CTR,5,5,5
11953,12014,6,6,6
11953,12019,6,6,6
11963,12014,6,6,6
11963,12019,6,6,6
11953,11940,8,8,8
11963,11940,8,8,8
11953,11952,4,4,4
11953,11964,4,4,4
11963,11952,4,4,4
11963,11964,4,4,4
11953,11943,6,6,6
11953,11973,6,6,6
11963,11943,6,6,6
11963,11973,6,6,6
11953,12006,9,9,9
11963,12006,9,9,9
11953,11948,4,4,4
11953,11968,4,4,4
11963,11948,4,4,4
11963,11968,4,4,4
11953,11950,4,4,4
11953,11966,4,4,4
11963,11950,4,4,4
11963,11966,4,4,4
11953,12013,7,7,7
11953,12020,7,7,7
11963,12013,7,7,7
11963,12020,7,7,7
11953,11941,7,7,7
11953,11975,7,7,7
11963,11941,7,7,7
11963,11975,7,7,7
11953,11951,4,4,4
11953,11965,4,4,4
11963,11951,4,4,4
11963,11965,4,4,4
11958,12008,6,6,6
11958,12025,6,6,6
11958,11913,7,7,7
11958,11945,7,7,7
11958,11971,7,7,7
11958,12010,5,5,5
11958,12023,5,5,5
11958,12875,5,5,5
11958,12016,4,4,4
11958,12017,4,4,4
11958,12009,5,5,5
11958,12024,5,5,5
11958,11957,4,4,4
11958,11959,4,4,4
11958,11956,4,4,4
11958,11960,4,4,4
11958,11954,5,5,5
11958,11962,5,5,5
11958,12015,4,4,4
11958,12018,4,4,4
11958,11942,9,9,9
11958,11974,9,9,9
11958,12011,5,5,5
11958,12012,5,5,5
11958,12021,5,5,5
11958,11947,6,6,6
11958,11969,6,6,6
11958,11949,6,6,6
11958,11967,6,6,6
11958,11955,4,4,4
11958,11961,4,4,4
11958,11946,7,7,7
11958,11970,7,7,7
11958,11953,5,5,5
11958,11963,5,5,5
11958,12007,6,6,6
11958,12026,6,6,6
11958,11944,7,7,7
11958,11972,7,7,7
11958,FRDRK_TRAN_CTR,7,7,7
11958,12014,4,4,4
11958,12019,4,4,4
11958,11940,10,10,10
11958,11952,5,5,5
11958,11964,5,5,5
11958,11943,8,8,8
11958,11973,8,8,8
11958,12006,7,7,7
11958,11948,6,6,6
11958,11968,6,6,6
11958,11950,5,5,5
11958,11966,5,5,5
11958,12013,5,5,5
11958,12020,5,5,5
11958,11941,9,9,9
11958,11975,9,9,9
11958,11951,5,5,5
11958,11965,5,5,5
